filename,R_mm,AR,CV,diameter_mm,major_diameter_mm,total_thickness_mm,band_height_mm,cup_depth_mm,sphere_radius_mm
tablet_R4.0_AR1.00_CV0.08.stl,4.0,1.0,0.08,8.0,8.0,2.08,0.8,0.64,12.82
tablet_R4.0_AR1.00_CV0.11.stl,4.0,1.0,0.11,8.0,8.0,2.56,0.8,0.88,9.53
tablet_R4.0_AR1.00_CV0.14.stl,4.0,1.0,0.14,8.0,8.0,3.04,0.8,1.12,7.7
tablet_R4.0_AR1.00_CV0.17.stl,4.0,1.0,0.17,8.0,8.0,3.52,0.8,1.36,6.56
tablet_R4.0_AR1.00_CV0.20.stl,4.0,1.0,0.2,8.0,8.0,4.0,0.8,1.6,5.8
tablet_R4.0_AR1.00_CV0.23.stl,4.0,1.0,0.23,8.0,8.0,4.48,0.8,1.84,5.27
tablet_R4.0_AR1.00_CV0.26.stl,4.0,1.0,0.26,8.0,8.0,4.96,0.8,2.08,4.89
tablet_R4.0_AR1.00_CV0.29.stl,4.0,1.0,0.29,8.0,8.0,5.44,0.8,2.32,4.61
tablet_R4.0_AR1.00_CV0.32.stl,4.0,1.0,0.32,8.0,8.0,5.92,0.8,2.56,4.4
tablet_R4.0_AR1.00_CV0.35.stl,4.0,1.0,0.35,8.0,8.0,6.4,0.8,2.8,4.26
tablet_R4.0_AR1.17_CV0.08.stl,4.0,1.17,0.08,8.0,9.4,2.08,0.8,0.64,12.82
tablet_R4.0_AR1.17_CV0.11.stl,4.0,1.17,0.11,8.0,9.4,2.56,0.8,0.88,9.53
tablet_R4.0_AR1.17_CV0.14.stl,4.0,1.17,0.14,8.0,9.4,3.04,0.8,1.12,7.7
tablet_R4.0_AR1.17_CV0.17.stl,4.0,1.17,0.17,8.0,9.4,3.52,0.8,1.36,6.56
tablet_R4.0_AR1.17_CV0.20.stl,4.0,1.17,0.2,8.0,9.4,4.0,0.8,1.6,5.8
tablet_R4.0_AR1.17_CV0.23.stl,4.0,1.17,0.23,8.0,9.4,4.48,0.8,1.84,5.27
tablet_R4.0_AR1.17_CV0.26.stl,4.0,1.17,0.26,8.0,9.4,4.96,0.8,2.08,4.89
tablet_R4.0_AR1.17_CV0.29.stl,4.0,1.17,0.29,8.0,9.4,5.44,0.8,2.32,4.61
tablet_R4.0_AR1.17_CV0.32.stl,4.0,1.17,0.32,8.0,9.4,5.92,0.8,2.56,4.4
tablet_R4.0_AR1.17_CV0.35.stl,4.0,1.17,0.35,8.0,9.4,6.4,0.8,2.8,4.26
tablet_R4.0_AR1.33_CV0.08.stl,4.0,1.33,0.08,8.0,10.6,2.08,0.8,0.64,12.82
tablet_R4.0_AR1.33_CV0.11.stl,4.0,1.33,0.11,8.0,10.6,2.56,0.8,0.88,9.53
tablet_R4.0_AR1.33_CV0.14.stl,4.0,1.33,0.14,8.0,10.6,3.04,0.8,1.12,7.7
tablet_R4.0_AR1.33_CV0.17.stl,4.0,1.33,0.17,8.0,10.6,3.52,0.8,1.36,6.56
tablet_R4.0_AR1.33_CV0.20.stl,4.0,1.33,0.2,8.0,10.6,4.0,0.8,1.6,5.8
tablet_R4.0_AR1.33_CV0.23.stl,4.0,1.33,0.23,8.0,10.6,4.48,0.8,1.84,5.27
tablet_R4.0_AR1.33_CV0.26.stl,4.0,1.33,0.26,8.0,10.6,4.96,0.8,2.08,4.89
tablet_R4.0_AR1.33_CV0.29.stl,4.0,1.33,0.29,8.0,10.6,5.44,0.8,2.32,4.61
tablet_R4.0_AR1.33_CV0.32.stl,4.0,1.33,0.32,8.0,10.6,5.92,0.8,2.56,4.4
tablet_R4.0_AR1.33_CV0.35.stl,4.0,1.33,0.35,8.0,10.6,6.4,0.8,2.8,4.26
tablet_R4.0_AR1.50_CV0.08.stl,4.0,1.5,0.08,8.0,12.0,2.08,0.8,0.64,12.82
tablet_R4.0_AR1.50_CV0.11.stl,4.0,1.5,0.11,8.0,12.0,2.56,0.8,0.88,9.53
tablet_R4.0_AR1.50_CV0.14.stl,4.0,1.5,0.14,8.0,12.0,3.04,0.8,1.12,7.7
tablet_R4.0_AR1.50_CV0.17.stl,4.0,1.5,0.17,8.0,12.0,3.52,0.8,1.36,6.56
tablet_R4.0_AR1.50_CV0.20.stl,4.0,1.5,0.2,8.0,12.0,4.0,0.8,1.6,5.8
tablet_R4.0_AR1.50_CV0.23.stl,4.0,1.5,0.23,8.0,12.0,4.48,0.8,1.84,5.27
tablet_R4.0_AR1.50_CV0.26.stl,4.0,1.5,0.26,8.0,12.0,4.96,0.8,2.08,4.89
tablet_R4.0_AR1.50_CV0.29.stl,4.0,1.5,0.29,8.0,12.0,5.44,0.8,2.32,4.61
tablet_R4.0_AR1.50_CV0.32.stl,4.0,1.5,0.32,8.0,12.0,5.92,0.8,2.56,4.4
tablet_R4.0_AR1.50_CV0.35.stl,4.0,1.5,0.35,8.0,12.0,6.4,0.8,2.8,4.26
tablet_R4.0_AR1.67_CV0.08.stl,4.0,1.67,0.08,8.0,13.4,2.08,0.8,0.64,12.82
tablet_R4.0_AR1.67_CV0.11.stl,4.0,1.67,0.11,8.0,13.4,2.56,0.8,0.88,9.53
tablet_R4.0_AR1.67_CV0.14.stl,4.0,1.67,0.14,8.0,13.4,3.04,0.8,1.12,7.7
tablet_R4.0_AR1.67_CV0.17.stl,4.0,1.67,0.17,8.0,13.4,3.52,0.8,1.36,6.56
tablet_R4.0_AR1.67_CV0.20.stl,4.0,1.67,0.2,8.0,13.4,4.0,0.8,1.6,5.8
tablet_R4.0_AR1.67_CV0.23.stl,4.0,1.67,0.23,8.0,13.4,4.48,0.8,1.84,5.27
tablet_R4.0_AR1.67_CV0.26.stl,4.0,1.67,0.26,8.0,13.4,4.96,0.8,2.08,4.89
tablet_R4.0_AR1.67_CV0.29.stl,4.0,1.67,0.29,8.0,13.4,5.44,0.8,2.32,4.61
tablet_R4.0_AR1.67_CV0.32.stl,4.0,1.67,0.32,8.0,13.4,5.92,0.8,2.56,4.4
tablet_R4.0_AR1.67_CV0.35.stl,4.0,1.67,0.35,8.0,13.4,6.4,0.8,2.8,4.26
tablet_R4.0_AR1.83_CV0.08.stl,4.0,1.83,0.08,8.0,14.6,2.08,0.8,0.64,12.82
tablet_R4.0_AR1.83_CV0.11.stl,4.0,1.83,0.11,8.0,14.6,2.56,0.8,0.88,9.53
tablet_R4.0_AR1.83_CV0.14.stl,4.0,1.83,0.14,8.0,14.6,3.04,0.8,1.12,7.7
tablet_R4.0_AR1.83_CV0.17.stl,4.0,1.83,0.17,8.0,14.6,3.52,0.8,1.36,6.56
tablet_R4.0_AR1.83_CV0.20.stl,4.0,1.83,0.2,8.0,14.6,4.0,0.8,1.6,5.8
tablet_R4.0_AR1.83_CV0.23.stl,4.0,1.83,0.23,8.0,14.6,4.48,0.8,1.84,5.27
tablet_R4.0_AR1.83_CV0.26.stl,4.0,1.83,0.26,8.0,14.6,4.96,0.8,2.08,4.89
tablet_R4.0_AR1.83_CV0.29.stl,4.0,1.83,0.29,8.0,14.6,5.44,0.8,2.32,4.61
tablet_R4.0_AR1.83_CV0.32.stl,4.0,1.83,0.32,8.0,14.6,5.92,0.8,2.56,4.4
tablet_R4.0_AR1.83_CV0.35.stl,4.0,1.83,0.35,8.0,14.6,6.4,0.8,2.8,4.26
tablet_R4.0_AR2.00_CV0.08.stl,4.0,2.0,0.08,8.0,16.0,2.08,0.8,0.64,12.82
tablet_R4.0_AR2.00_CV0.11.stl,4.0,2.0,0.11,8.0,16.0,2.56,0.8,0.88,9.53
tablet_R4.0_AR2.00_CV0.14.stl,4.0,2.0,0.14,8.0,16.0,3.04,0.8,1.12,7.7
tablet_R4.0_AR2.00_CV0.17.stl,4.0,2.0,0.17,8.0,16.0,3.52,0.8,1.36,6.56
tablet_R4.0_AR2.00_CV0.20.stl,4.0,2.0,0.2,8.0,16.0,4.0,0.8,1.6,5.8
tablet_R4.0_AR2.00_CV0.23.stl,4.0,2.0,0.23,8.0,16.0,4.48,0.8,1.84,5.27
tablet_R4.0_AR2.00_CV0.26.stl,4.0,2.0,0.26,8.0,16.0,4.96,0.8,2.08,4.89
tablet_R4.0_AR2.00_CV0.29.stl,4.0,2.0,0.29,8.0,16.0,5.44,0.8,2.32,4.61
tablet_R4.0_AR2.00_CV0.32.stl,4.0,2.0,0.32,8.0,16.0,5.92,0.8,2.56,4.4
tablet_R4.0_AR2.00_CV0.35.stl,4.0,2.0,0.35,8.0,16.0,6.4,0.8,2.8,4.26
tablet_R4.0_AR2.17_CV0.08.stl,4.0,2.17,0.08,8.0,17.4,2.08,0.8,0.64,12.82
tablet_R4.0_AR2.17_CV0.11.stl,4.0,2.17,0.11,8.0,17.4,2.56,0.8,0.88,9.53
tablet_R4.0_AR2.17_CV0.14.stl,4.0,2.17,0.14,8.0,17.4,3.04,0.8,1.12,7.7
tablet_R4.0_AR2.17_CV0.17.stl,4.0,2.17,0.17,8.0,17.4,3.52,0.8,1.36,6.56
tablet_R4.0_AR2.17_CV0.20.stl,4.0,2.17,0.2,8.0,17.4,4.0,0.8,1.6,5.8
tablet_R4.0_AR2.17_CV0.23.stl,4.0,2.17,0.23,8.0,17.4,4.48,0.8,1.84,5.27
tablet_R4.0_AR2.17_CV0.26.stl,4.0,2.17,0.26,8.0,17.4,4.96,0.8,2.08,4.89
tablet_R4.0_AR2.17_CV0.29.stl,4.0,2.17,0.29,8.0,17.4,5.44,0.8,2.32,4.61
tablet_R4.0_AR2.17_CV0.32.stl,4.0,2.17,0.32,8.0,17.4,5.92,0.8,2.56,4.4
tablet_R4.0_AR2.17_CV0.35.stl,4.0,2.17,0.35,8.0,17.4,6.4,0.8,2.8,4.26
tablet_R4.0_AR2.33_CV0.08.stl,4.0,2.33,0.08,8.0,18.6,2.08,0.8,0.64,12.82
tablet_R4.0_AR2.33_CV0.11.stl,4.0,2.33,0.11,8.0,18.6,2.56,0.8,0.88,9.53
tablet_R4.0_AR2.33_CV0.14.stl,4.0,2.33,0.14,8.0,18.6,3.04,0.8,1.12,7.7
tablet_R4.0_AR2.33_CV0.17.stl,4.0,2.33,0.17,8.0,18.6,3.52,0.8,1.36,6.56
tablet_R4.0_AR2.33_CV0.20.stl,4.0,2.33,0.2,8.0,18.6,4.0,0.8,1.6,5.8
tablet_R4.0_AR2.33_CV0.23.stl,4.0,2.33,0.23,8.0,18.6,4.48,0.8,1.84,5.27
tablet_R4.0_AR2.33_CV0.26.stl,4.0,2.33,0.26,8.0,18.6,4.96,0.8,2.08,4.89
tablet_R4.0_AR2.33_CV0.29.stl,4.0,2.33,0.29,8.0,18.6,5.44,0.8,2.32,4.61
tablet_R4.0_AR2.33_CV0.32.stl,4.0,2.33,0.32,8.0,18.6,5.92,0.8,2.56,4.4
tablet_R4.0_AR2.33_CV0.35.stl,4.0,2.33,0.35,8.0,18.6,6.4,0.8,2.8,4.26
tablet_R4.0_AR2.50_CV0.08.stl,4.0,2.5,0.08,8.0,20.0,2.08,0.8,0.64,12.82
tablet_R4.0_AR2.50_CV0.11.stl,4.0,2.5,0.11,8.0,20.0,2.56,0.8,0.88,9.53
tablet_R4.0_AR2.50_CV0.14.stl,4.0,2.5,0.14,8.0,20.0,3.04,0.8,1.12,7.7
tablet_R4.0_AR2.50_CV0.17.stl,4.0,2.5,0.17,8.0,20.0,3.52,0.8,1.36,6.56
tablet_R4.0_AR2.50_CV0.20.stl,4.0,2.5,0.2,8.0,20.0,4.0,0.8,1.6,5.8
tablet_R4.0_AR2.50_CV0.23.stl,4.0,2.5,0.23,8.0,20.0,4.48,0.8,1.84,5.27
tablet_R4.0_AR2.50_CV0.26.stl,4.0,2.5,0.26,8.0,20.0,4.96,0.8,2.08,4.89
tablet_R4.0_AR2.50_CV0.29.stl,4.0,2.5,0.29,8.0,20.0,5.44,0.8,2.32,4.61
tablet_R4.0_AR2.50_CV0.32.stl,4.0,2.5,0.32,8.0,20.0,5.92,0.8,2.56,4.4
tablet_R4.0_AR2.50_CV0.35.stl,4.0,2.5,0.35,8.0,20.0,6.4,0.8,2.8,4.26
tablet_R4.5_AR1.00_CV0.08.stl,4.5,1.0,0.08,9.0,9.0,2.34,0.9,0.72,14.42
tablet_R4.5_AR1.00_CV0.11.stl,4.5,1.0,0.11,9.0,9.0,2.88,0.9,0.99,10.72
tablet_R4.5_AR1.00_CV0.14.stl,4.5,1.0,0.14,9.0,9.0,3.42,0.9,1.26,8.67
tablet_R4.5_AR1.00_CV0.17.stl,4.5,1.0,0.17,9.0,9.0,3.96,0.9,1.53,7.38
tablet_R4.5_AR1.00_CV0.20.stl,4.5,1.0,0.2,9.0,9.0,4.5,0.9,1.8,6.52
tablet_R4.5_AR1.00_CV0.23.stl,4.5,1.0,0.23,9.0,9.0,5.04,0.9,2.07,5.93
tablet_R4.5_AR1.00_CV0.26.stl,4.5,1.0,0.26,9.0,9.0,5.58,0.9,2.34,5.5
tablet_R4.5_AR1.00_CV0.29.stl,4.5,1.0,0.29,9.0,9.0,6.12,0.9,2.61,5.18
tablet_R4.5_AR1.00_CV0.32.stl,4.5,1.0,0.32,9.0,9.0,6.66,0.9,2.88,4.96
tablet_R4.5_AR1.00_CV0.35.stl,4.5,1.0,0.35,9.0,9.0,7.2,0.9,3.15,4.79
tablet_R4.5_AR1.17_CV0.08.stl,4.5,1.17,0.08,9.0,10.5,2.34,0.9,0.72,14.42
tablet_R4.5_AR1.17_CV0.11.stl,4.5,1.17,0.11,9.0,10.5,2.88,0.9,0.99,10.72
tablet_R4.5_AR1.17_CV0.14.stl,4.5,1.17,0.14,9.0,10.5,3.42,0.9,1.26,8.67
tablet_R4.5_AR1.17_CV0.17.stl,4.5,1.17,0.17,9.0,10.5,3.96,0.9,1.53,7.38
tablet_R4.5_AR1.17_CV0.20.stl,4.5,1.17,0.2,9.0,10.5,4.5,0.9,1.8,6.52
tablet_R4.5_AR1.17_CV0.23.stl,4.5,1.17,0.23,9.0,10.5,5.04,0.9,2.07,5.93
tablet_R4.5_AR1.17_CV0.26.stl,4.5,1.17,0.26,9.0,10.5,5.58,0.9,2.34,5.5
tablet_R4.5_AR1.17_CV0.29.stl,4.5,1.17,0.29,9.0,10.5,6.12,0.9,2.61,5.18
tablet_R4.5_AR1.17_CV0.32.stl,4.5,1.17,0.32,9.0,10.5,6.66,0.9,2.88,4.96
tablet_R4.5_AR1.17_CV0.35.stl,4.5,1.17,0.35,9.0,10.5,7.2,0.9,3.15,4.79
tablet_R4.5_AR1.33_CV0.08.stl,4.5,1.33,0.08,9.0,12.0,2.34,0.9,0.72,14.42
tablet_R4.5_AR1.33_CV0.11.stl,4.5,1.33,0.11,9.0,12.0,2.88,0.9,0.99,10.72
tablet_R4.5_AR1.33_CV0.14.stl,4.5,1.33,0.14,9.0,12.0,3.42,0.9,1.26,8.67
tablet_R4.5_AR1.33_CV0.17.stl,4.5,1.33,0.17,9.0,12.0,3.96,0.9,1.53,7.38
tablet_R4.5_AR1.33_CV0.20.stl,4.5,1.33,0.2,9.0,12.0,4.5,0.9,1.8,6.52
tablet_R4.5_AR1.33_CV0.23.stl,4.5,1.33,0.23,9.0,12.0,5.04,0.9,2.07,5.93
tablet_R4.5_AR1.33_CV0.26.stl,4.5,1.33,0.26,9.0,12.0,5.58,0.9,2.34,5.5
tablet_R4.5_AR1.33_CV0.29.stl,4.5,1.33,0.29,9.0,12.0,6.12,0.9,2.61,5.18
tablet_R4.5_AR1.33_CV0.32.stl,4.5,1.33,0.32,9.0,12.0,6.66,0.9,2.88,4.96
tablet_R4.5_AR1.33_CV0.35.stl,4.5,1.33,0.35,9.0,12.0,7.2,0.9,3.15,4.79
tablet_R4.5_AR1.50_CV0.08.stl,4.5,1.5,0.08,9.0,13.5,2.34,0.9,0.72,14.42
tablet_R4.5_AR1.50_CV0.11.stl,4.5,1.5,0.11,9.0,13.5,2.88,0.9,0.99,10.72
tablet_R4.5_AR1.50_CV0.14.stl,4.5,1.5,0.14,9.0,13.5,3.42,0.9,1.26,8.67
tablet_R4.5_AR1.50_CV0.17.stl,4.5,1.5,0.17,9.0,13.5,3.96,0.9,1.53,7.38
tablet_R4.5_AR1.50_CV0.20.stl,4.5,1.5,0.2,9.0,13.5,4.5,0.9,1.8,6.52
tablet_R4.5_AR1.50_CV0.23.stl,4.5,1.5,0.23,9.0,13.5,5.04,0.9,2.07,5.93
tablet_R4.5_AR1.50_CV0.26.stl,4.5,1.5,0.26,9.0,13.5,5.58,0.9,2.34,5.5
tablet_R4.5_AR1.50_CV0.29.stl,4.5,1.5,0.29,9.0,13.5,6.12,0.9,2.61,5.18
tablet_R4.5_AR1.50_CV0.32.stl,4.5,1.5,0.32,9.0,13.5,6.66,0.9,2.88,4.96
tablet_R4.5_AR1.50_CV0.35.stl,4.5,1.5,0.35,9.0,13.5,7.2,0.9,3.15,4.79
tablet_R4.5_AR1.67_CV0.08.stl,4.5,1.67,0.08,9.0,15.0,2.34,0.9,0.72,14.42
tablet_R4.5_AR1.67_CV0.11.stl,4.5,1.67,0.11,9.0,15.0,2.88,0.9,0.99,10.72
tablet_R4.5_AR1.67_CV0.14.stl,4.5,1.67,0.14,9.0,15.0,3.42,0.9,1.26,8.67
tablet_R4.5_AR1.67_CV0.17.stl,4.5,1.67,0.17,9.0,15.0,3.96,0.9,1.53,7.38
tablet_R4.5_AR1.67_CV0.20.stl,4.5,1.67,0.2,9.0,15.0,4.5,0.9,1.8,6.52
tablet_R4.5_AR1.67_CV0.23.stl,4.5,1.67,0.23,9.0,15.0,5.04,0.9,2.07,5.93
tablet_R4.5_AR1.67_CV0.26.stl,4.5,1.67,0.26,9.0,15.0,5.58,0.9,2.34,5.5
tablet_R4.5_AR1.67_CV0.29.stl,4.5,1.67,0.29,9.0,15.0,6.12,0.9,2.61,5.18
tablet_R4.5_AR1.67_CV0.32.stl,4.5,1.67,0.32,9.0,15.0,6.66,0.9,2.88,4.96
tablet_R4.5_AR1.67_CV0.35.stl,4.5,1.67,0.35,9.0,15.0,7.2,0.9,3.15,4.79
tablet_R4.5_AR1.83_CV0.08.stl,4.5,1.83,0.08,9.0,16.5,2.34,0.9,0.72,14.42
tablet_R4.5_AR1.83_CV0.11.stl,4.5,1.83,0.11,9.0,16.5,2.88,0.9,0.99,10.72
tablet_R4.5_AR1.83_CV0.14.stl,4.5,1.83,0.14,9.0,16.5,3.42,0.9,1.26,8.67
tablet_R4.5_AR1.83_CV0.17.stl,4.5,1.83,0.17,9.0,16.5,3.96,0.9,1.53,7.38
tablet_R4.5_AR1.83_CV0.20.stl,4.5,1.83,0.2,9.0,16.5,4.5,0.9,1.8,6.52
tablet_R4.5_AR1.83_CV0.23.stl,4.5,1.83,0.23,9.0,16.5,5.04,0.9,2.07,5.93
tablet_R4.5_AR1.83_CV0.26.stl,4.5,1.83,0.26,9.0,16.5,5.58,0.9,2.34,5.5
tablet_R4.5_AR1.83_CV0.29.stl,4.5,1.83,0.29,9.0,16.5,6.12,0.9,2.61,5.18
tablet_R4.5_AR1.83_CV0.32.stl,4.5,1.83,0.32,9.0,16.5,6.66,0.9,2.88,4.96
tablet_R4.5_AR1.83_CV0.35.stl,4.5,1.83,0.35,9.0,16.5,7.2,0.9,3.15,4.79
tablet_R4.5_AR2.00_CV0.08.stl,4.5,2.0,0.08,9.0,18.0,2.34,0.9,0.72,14.42
tablet_R4.5_AR2.00_CV0.11.stl,4.5,2.0,0.11,9.0,18.0,2.88,0.9,0.99,10.72
tablet_R4.5_AR2.00_CV0.14.stl,4.5,2.0,0.14,9.0,18.0,3.42,0.9,1.26,8.67
tablet_R4.5_AR2.00_CV0.17.stl,4.5,2.0,0.17,9.0,18.0,3.96,0.9,1.53,7.38
tablet_R4.5_AR2.00_CV0.20.stl,4.5,2.0,0.2,9.0,18.0,4.5,0.9,1.8,6.52
tablet_R4.5_AR2.00_CV0.23.stl,4.5,2.0,0.23,9.0,18.0,5.04,0.9,2.07,5.93
tablet_R4.5_AR2.00_CV0.26.stl,4.5,2.0,0.26,9.0,18.0,5.58,0.9,2.34,5.5
tablet_R4.5_AR2.00_CV0.29.stl,4.5,2.0,0.29,9.0,18.0,6.12,0.9,2.61,5.18
tablet_R4.5_AR2.00_CV0.32.stl,4.5,2.0,0.32,9.0,18.0,6.66,0.9,2.88,4.96
tablet_R4.5_AR2.00_CV0.35.stl,4.5,2.0,0.35,9.0,18.0,7.2,0.9,3.15,4.79
tablet_R4.5_AR2.17_CV0.08.stl,4.5,2.17,0.08,9.0,19.5,2.34,0.9,0.72,14.42
tablet_R4.5_AR2.17_CV0.11.stl,4.5,2.17,0.11,9.0,19.5,2.88,0.9,0.99,10.72
tablet_R4.5_AR2.17_CV0.14.stl,4.5,2.17,0.14,9.0,19.5,3.42,0.9,1.26,8.67
tablet_R4.5_AR2.17_CV0.17.stl,4.5,2.17,0.17,9.0,19.5,3.96,0.9,1.53,7.38
tablet_R4.5_AR2.17_CV0.20.stl,4.5,2.17,0.2,9.0,19.5,4.5,0.9,1.8,6.52
tablet_R4.5_AR2.17_CV0.23.stl,4.5,2.17,0.23,9.0,19.5,5.04,0.9,2.07,5.93
tablet_R4.5_AR2.17_CV0.26.stl,4.5,2.17,0.26,9.0,19.5,5.58,0.9,2.34,5.5
tablet_R4.5_AR2.17_CV0.29.stl,4.5,2.17,0.29,9.0,19.5,6.12,0.9,2.61,5.18
tablet_R4.5_AR2.17_CV0.32.stl,4.5,2.17,0.32,9.0,19.5,6.66,0.9,2.88,4.96
tablet_R4.5_AR2.17_CV0.35.stl,4.5,2.17,0.35,9.0,19.5,7.2,0.9,3.15,4.79
tablet_R4.5_AR2.33_CV0.08.stl,4.5,2.33,0.08,9.0,21.0,2.34,0.9,0.72,14.42
tablet_R4.5_AR2.33_CV0.11.stl,4.5,2.33,0.11,9.0,21.0,2.88,0.9,0.99,10.72
tablet_R4.5_AR2.33_CV0.14.stl,4.5,2.33,0.14,9.0,21.0,3.42,0.9,1.26,8.67
tablet_R4.5_AR2.33_CV0.17.stl,4.5,2.33,0.17,9.0,21.0,3.96,0.9,1.53,7.38
tablet_R4.5_AR2.33_CV0.20.stl,4.5,2.33,0.2,9.0,21.0,4.5,0.9,1.8,6.52
tablet_R4.5_AR2.33_CV0.23.stl,4.5,2.33,0.23,9.0,21.0,5.04,0.9,2.07,5.93
tablet_R4.5_AR2.33_CV0.26.stl,4.5,2.33,0.26,9.0,21.0,5.58,0.9,2.34,5.5
tablet_R4.5_AR2.33_CV0.29.stl,4.5,2.33,0.29,9.0,21.0,6.12,0.9,2.61,5.18
tablet_R4.5_AR2.33_CV0.32.stl,4.5,2.33,0.32,9.0,21.0,6.66,0.9,2.88,4.96
tablet_R4.5_AR2.33_CV0.35.stl,4.5,2.33,0.35,9.0,21.0,7.2,0.9,3.15,4.79
tablet_R4.5_AR2.50_CV0.08.stl,4.5,2.5,0.08,9.0,22.5,2.34,0.9,0.72,14.42
tablet_R4.5_AR2.50_CV0.11.stl,4.5,2.5,0.11,9.0,22.5,2.88,0.9,0.99,10.72
tablet_R4.5_AR2.50_CV0.14.stl,4.5,2.5,0.14,9.0,22.5,3.42,0.9,1.26,8.67
tablet_R4.5_AR2.50_CV0.17.stl,4.5,2.5,0.17,9.0,22.5,3.96,0.9,1.53,7.38
tablet_R4.5_AR2.50_CV0.20.stl,4.5,2.5,0.2,9.0,22.5,4.5,0.9,1.8,6.52
tablet_R4.5_AR2.50_CV0.23.stl,4.5,2.5,0.23,9.0,22.5,5.04,0.9,2.07,5.93
tablet_R4.5_AR2.50_CV0.26.stl,4.5,2.5,0.26,9.0,22.5,5.58,0.9,2.34,5.5
tablet_R4.5_AR2.50_CV0.29.stl,4.5,2.5,0.29,9.0,22.5,6.12,0.9,2.61,5.18
tablet_R4.5_AR2.50_CV0.32.stl,4.5,2.5,0.32,9.0,22.5,6.66,0.9,2.88,4.96
tablet_R4.5_AR2.50_CV0.35.stl,4.5,2.5,0.35,9.0,22.5,7.2,0.9,3.15,4.79
tablet_R5.0_AR1.00_CV0.08.stl,5.0,1.0,0.08,10.0,10.0,2.6,1.0,0.8,16.02
tablet_R5.0_AR1.00_CV0.11.stl,5.0,1.0,0.11,10.0,10.0,3.2,1.0,1.1,11.91
tablet_R5.0_AR1.00_CV0.14.stl,5.0,1.0,0.14,10.0,10.0,3.8,1.0,1.4,9.63
tablet_R5.0_AR1.00_CV0.17.stl,5.0,1.0,0.17,10.0,10.0,4.4,1.0,1.7,8.2
tablet_R5.0_AR1.00_CV0.20.stl,5.0,1.0,0.2,10.0,10.0,5.0,1.0,2.0,7.25
tablet_R5.0_AR1.00_CV0.23.stl,5.0,1.0,0.23,10.0,10.0,5.6,1.0,2.3,6.58
tablet_R5.0_AR1.00_CV0.26.stl,5.0,1.0,0.26,10.0,10.0,6.2,1.0,2.6,6.11
tablet_R5.0_AR1.00_CV0.29.stl,5.0,1.0,0.29,10.0,10.0,6.8,1.0,2.9,5.76
tablet_R5.0_AR1.00_CV0.32.stl,5.0,1.0,0.32,10.0,10.0,7.4,1.0,3.2,5.51
tablet_R5.0_AR1.00_CV0.35.stl,5.0,1.0,0.35,10.0,10.0,8.0,1.0,3.5,5.32
tablet_R5.0_AR1.17_CV0.08.stl,5.0,1.17,0.08,10.0,11.7,2.6,1.0,0.8,16.02
tablet_R5.0_AR1.17_CV0.11.stl,5.0,1.17,0.11,10.0,11.7,3.2,1.0,1.1,11.91
tablet_R5.0_AR1.17_CV0.14.stl,5.0,1.17,0.14,10.0,11.7,3.8,1.0,1.4,9.63
tablet_R5.0_AR1.17_CV0.17.stl,5.0,1.17,0.17,10.0,11.7,4.4,1.0,1.7,8.2
tablet_R5.0_AR1.17_CV0.20.stl,5.0,1.17,0.2,10.0,11.7,5.0,1.0,2.0,7.25
tablet_R5.0_AR1.17_CV0.23.stl,5.0,1.17,0.23,10.0,11.7,5.6,1.0,2.3,6.58
tablet_R5.0_AR1.17_CV0.26.stl,5.0,1.17,0.26,10.0,11.7,6.2,1.0,2.6,6.11
tablet_R5.0_AR1.17_CV0.29.stl,5.0,1.17,0.29,10.0,11.7,6.8,1.0,2.9,5.76
tablet_R5.0_AR1.17_CV0.32.stl,5.0,1.17,0.32,10.0,11.7,7.4,1.0,3.2,5.51
tablet_R5.0_AR1.17_CV0.35.stl,5.0,1.17,0.35,10.0,11.7,8.0,1.0,3.5,5.32
tablet_R5.0_AR1.33_CV0.08.stl,5.0,1.33,0.08,10.0,13.3,2.6,1.0,0.8,16.02
tablet_R5.0_AR1.33_CV0.11.stl,5.0,1.33,0.11,10.0,13.3,3.2,1.0,1.1,11.91
tablet_R5.0_AR1.33_CV0.14.stl,5.0,1.33,0.14,10.0,13.3,3.8,1.0,1.4,9.63
tablet_R5.0_AR1.33_CV0.17.stl,5.0,1.33,0.17,10.0,13.3,4.4,1.0,1.7,8.2
tablet_R5.0_AR1.33_CV0.20.stl,5.0,1.33,0.2,10.0,13.3,5.0,1.0,2.0,7.25
tablet_R5.0_AR1.33_CV0.23.stl,5.0,1.33,0.23,10.0,13.3,5.6,1.0,2.3,6.58
tablet_R5.0_AR1.33_CV0.26.stl,5.0,1.33,0.26,10.0,13.3,6.2,1.0,2.6,6.11
tablet_R5.0_AR1.33_CV0.29.stl,5.0,1.33,0.29,10.0,13.3,6.8,1.0,2.9,5.76
tablet_R5.0_AR1.33_CV0.32.stl,5.0,1.33,0.32,10.0,13.3,7.4,1.0,3.2,5.51
tablet_R5.0_AR1.33_CV0.35.stl,5.0,1.33,0.35,10.0,13.3,8.0,1.0,3.5,5.32
tablet_R5.0_AR1.50_CV0.08.stl,5.0,1.5,0.08,10.0,15.0,2.6,1.0,0.8,16.02
tablet_R5.0_AR1.50_CV0.11.stl,5.0,1.5,0.11,10.0,15.0,3.2,1.0,1.1,11.91
tablet_R5.0_AR1.50_CV0.14.stl,5.0,1.5,0.14,10.0,15.0,3.8,1.0,1.4,9.63
tablet_R5.0_AR1.50_CV0.17.stl,5.0,1.5,0.17,10.0,15.0,4.4,1.0,1.7,8.2
tablet_R5.0_AR1.50_CV0.20.stl,5.0,1.5,0.2,10.0,15.0,5.0,1.0,2.0,7.25
tablet_R5.0_AR1.50_CV0.23.stl,5.0,1.5,0.23,10.0,15.0,5.6,1.0,2.3,6.58
tablet_R5.0_AR1.50_CV0.26.stl,5.0,1.5,0.26,10.0,15.0,6.2,1.0,2.6,6.11
tablet_R5.0_AR1.50_CV0.29.stl,5.0,1.5,0.29,10.0,15.0,6.8,1.0,2.9,5.76
tablet_R5.0_AR1.50_CV0.32.stl,5.0,1.5,0.32,10.0,15.0,7.4,1.0,3.2,5.51
tablet_R5.0_AR1.50_CV0.35.stl,5.0,1.5,0.35,10.0,15.0,8.0,1.0,3.5,5.32
tablet_R5.0_AR1.67_CV0.08.stl,5.0,1.67,0.08,10.0,16.7,2.6,1.0,0.8,16.02
tablet_R5.0_AR1.67_CV0.11.stl,5.0,1.67,0.11,10.0,16.7,3.2,1.0,1.1,11.91
tablet_R5.0_AR1.67_CV0.14.stl,5.0,1.67,0.14,10.0,16.7,3.8,1.0,1.4,9.63
tablet_R5.0_AR1.67_CV0.17.stl,5.0,1.67,0.17,10.0,16.7,4.4,1.0,1.7,8.2
tablet_R5.0_AR1.67_CV0.20.stl,5.0,1.67,0.2,10.0,16.7,5.0,1.0,2.0,7.25
tablet_R5.0_AR1.67_CV0.23.stl,5.0,1.67,0.23,10.0,16.7,5.6,1.0,2.3,6.58
tablet_R5.0_AR1.67_CV0.26.stl,5.0,1.67,0.26,10.0,16.7,6.2,1.0,2.6,6.11
tablet_R5.0_AR1.67_CV0.29.stl,5.0,1.67,0.29,10.0,16.7,6.8,1.0,2.9,5.76
tablet_R5.0_AR1.67_CV0.32.stl,5.0,1.67,0.32,10.0,16.7,7.4,1.0,3.2,5.51
tablet_R5.0_AR1.67_CV0.35.stl,5.0,1.67,0.35,10.0,16.7,8.0,1.0,3.5,5.32
tablet_R5.0_AR1.83_CV0.08.stl,5.0,1.83,0.08,10.0,18.3,2.6,1.0,0.8,16.02
tablet_R5.0_AR1.83_CV0.11.stl,5.0,1.83,0.11,10.0,18.3,3.2,1.0,1.1,11.91
tablet_R5.0_AR1.83_CV0.14.stl,5.0,1.83,0.14,10.0,18.3,3.8,1.0,1.4,9.63
tablet_R5.0_AR1.83_CV0.17.stl,5.0,1.83,0.17,10.0,18.3,4.4,1.0,1.7,8.2
tablet_R5.0_AR1.83_CV0.20.stl,5.0,1.83,0.2,10.0,18.3,5.0,1.0,2.0,7.25
tablet_R5.0_AR1.83_CV0.23.stl,5.0,1.83,0.23,10.0,18.3,5.6,1.0,2.3,6.58
tablet_R5.0_AR1.83_CV0.26.stl,5.0,1.83,0.26,10.0,18.3,6.2,1.0,2.6,6.11
tablet_R5.0_AR1.83_CV0.29.stl,5.0,1.83,0.29,10.0,18.3,6.8,1.0,2.9,5.76
tablet_R5.0_AR1.83_CV0.32.stl,5.0,1.83,0.32,10.0,18.3,7.4,1.0,3.2,5.51
tablet_R5.0_AR1.83_CV0.35.stl,5.0,1.83,0.35,10.0,18.3,8.0,1.0,3.5,5.32
tablet_R5.0_AR2.00_CV0.08.stl,5.0,2.0,0.08,10.0,20.0,2.6,1.0,0.8,16.02
tablet_R5.0_AR2.00_CV0.11.stl,5.0,2.0,0.11,10.0,20.0,3.2,1.0,1.1,11.91
tablet_R5.0_AR2.00_CV0.14.stl,5.0,2.0,0.14,10.0,20.0,3.8,1.0,1.4,9.63
tablet_R5.0_AR2.00_CV0.17.stl,5.0,2.0,0.17,10.0,20.0,4.4,1.0,1.7,8.2
tablet_R5.0_AR2.00_CV0.20.stl,5.0,2.0,0.2,10.0,20.0,5.0,1.0,2.0,7.25
tablet_R5.0_AR2.00_CV0.23.stl,5.0,2.0,0.23,10.0,20.0,5.6,1.0,2.3,6.58
tablet_R5.0_AR2.00_CV0.26.stl,5.0,2.0,0.26,10.0,20.0,6.2,1.0,2.6,6.11
tablet_R5.0_AR2.00_CV0.29.stl,5.0,2.0,0.29,10.0,20.0,6.8,1.0,2.9,5.76
tablet_R5.0_AR2.00_CV0.32.stl,5.0,2.0,0.32,10.0,20.0,7.4,1.0,3.2,5.51
tablet_R5.0_AR2.00_CV0.35.stl,5.0,2.0,0.35,10.0,20.0,8.0,1.0,3.5,5.32
tablet_R5.0_AR2.17_CV0.08.stl,5.0,2.17,0.08,10.0,21.7,2.6,1.0,0.8,16.02
tablet_R5.0_AR2.17_CV0.11.stl,5.0,2.17,0.11,10.0,21.7,3.2,1.0,1.1,11.91
tablet_R5.0_AR2.17_CV0.14.stl,5.0,2.17,0.14,10.0,21.7,3.8,1.0,1.4,9.63
tablet_R5.0_AR2.17_CV0.17.stl,5.0,2.17,0.17,10.0,21.7,4.4,1.0,1.7,8.2
tablet_R5.0_AR2.17_CV0.20.stl,5.0,2.17,0.2,10.0,21.7,5.0,1.0,2.0,7.25
tablet_R5.0_AR2.17_CV0.23.stl,5.0,2.17,0.23,10.0,21.7,5.6,1.0,2.3,6.58
tablet_R5.0_AR2.17_CV0.26.stl,5.0,2.17,0.26,10.0,21.7,6.2,1.0,2.6,6.11
tablet_R5.0_AR2.17_CV0.29.stl,5.0,2.17,0.29,10.0,21.7,6.8,1.0,2.9,5.76
tablet_R5.0_AR2.17_CV0.32.stl,5.0,2.17,0.32,10.0,21.7,7.4,1.0,3.2,5.51
tablet_R5.0_AR2.17_CV0.35.stl,5.0,2.17,0.35,10.0,21.7,8.0,1.0,3.5,5.32
tablet_R5.0_AR2.33_CV0.08.stl,5.0,2.33,0.08,10.0,23.3,2.6,1.0,0.8,16.02
tablet_R5.0_AR2.33_CV0.11.stl,5.0,2.33,0.11,10.0,23.3,3.2,1.0,1.1,11.91
tablet_R5.0_AR2.33_CV0.14.stl,5.0,2.33,0.14,10.0,23.3,3.8,1.0,1.4,9.63
tablet_R5.0_AR2.33_CV0.17.stl,5.0,2.33,0.17,10.0,23.3,4.4,1.0,1.7,8.2
tablet_R5.0_AR2.33_CV0.20.stl,5.0,2.33,0.2,10.0,23.3,5.0,1.0,2.0,7.25
tablet_R5.0_AR2.33_CV0.23.stl,5.0,2.33,0.23,10.0,23.3,5.6,1.0,2.3,6.58
tablet_R5.0_AR2.33_CV0.26.stl,5.0,2.33,0.26,10.0,23.3,6.2,1.0,2.6,6.11
tablet_R5.0_AR2.33_CV0.29.stl,5.0,2.33,0.29,10.0,23.3,6.8,1.0,2.9,5.76
tablet_R5.0_AR2.33_CV0.32.stl,5.0,2.33,0.32,10.0,23.3,7.4,1.0,3.2,5.51
tablet_R5.0_AR2.33_CV0.35.stl,5.0,2.33,0.35,10.0,23.3,8.0,1.0,3.5,5.32
tablet_R5.0_AR2.50_CV0.08.stl,5.0,2.5,0.08,10.0,25.0,2.6,1.0,0.8,16.02
tablet_R5.0_AR2.50_CV0.11.stl,5.0,2.5,0.11,10.0,25.0,3.2,1.0,1.1,11.91
tablet_R5.0_AR2.50_CV0.14.stl,5.0,2.5,0.14,10.0,25.0,3.8,1.0,1.4,9.63
tablet_R5.0_AR2.50_CV0.17.stl,5.0,2.5,0.17,10.0,25.0,4.4,1.0,1.7,8.2
tablet_R5.0_AR2.50_CV0.20.stl,5.0,2.5,0.2,10.0,25.0,5.0,1.0,2.0,7.25
tablet_R5.0_AR2.50_CV0.23.stl,5.0,2.5,0.23,10.0,25.0,5.6,1.0,2.3,6.58
tablet_R5.0_AR2.50_CV0.26.stl,5.0,2.5,0.26,10.0,25.0,6.2,1.0,2.6,6.11
tablet_R5.0_AR2.50_CV0.29.stl,5.0,2.5,0.29,10.0,25.0,6.8,1.0,2.9,5.76
tablet_R5.0_AR2.50_CV0.32.stl,5.0,2.5,0.32,10.0,25.0,7.4,1.0,3.2,5.51
tablet_R5.0_AR2.50_CV0.35.stl,5.0,2.5,0.35,10.0,25.0,8.0,1.0,3.5,5.32
tablet_R5.5_AR1.00_CV0.08.stl,5.5,1.0,0.08,11.0,11.0,2.86,1.1,0.88,17.63
tablet_R5.5_AR1.00_CV0.11.stl,5.5,1.0,0.11,11.0,11.0,3.52,1.1,1.21,13.1
tablet_R5.5_AR1.00_CV0.14.stl,5.5,1.0,0.14,11.0,11.0,4.18,1.1,1.54,10.59
tablet_R5.5_AR1.00_CV0.17.stl,5.5,1.0,0.17,11.0,11.0,4.84,1.1,1.87,9.02
tablet_R5.5_AR1.00_CV0.20.stl,5.5,1.0,0.2,11.0,11.0,5.5,1.1,2.2,7.98
tablet_R5.5_AR1.00_CV0.23.stl,5.5,1.0,0.23,11.0,11.0,6.16,1.1,2.53,7.24
tablet_R5.5_AR1.00_CV0.26.stl,5.5,1.0,0.26,11.0,11.0,6.82,1.1,2.86,6.72
tablet_R5.5_AR1.00_CV0.29.stl,5.5,1.0,0.29,11.0,11.0,7.48,1.1,3.19,6.34
tablet_R5.5_AR1.00_CV0.32.stl,5.5,1.0,0.32,11.0,11.0,8.14,1.1,3.52,6.06
tablet_R5.5_AR1.00_CV0.35.stl,5.5,1.0,0.35,11.0,11.0,8.8,1.1,3.85,5.85
tablet_R5.5_AR1.17_CV0.08.stl,5.5,1.17,0.08,11.0,12.9,2.86,1.1,0.88,17.63
tablet_R5.5_AR1.17_CV0.11.stl,5.5,1.17,0.11,11.0,12.9,3.52,1.1,1.21,13.1
tablet_R5.5_AR1.17_CV0.14.stl,5.5,1.17,0.14,11.0,12.9,4.18,1.1,1.54,10.59
tablet_R5.5_AR1.17_CV0.17.stl,5.5,1.17,0.17,11.0,12.9,4.84,1.1,1.87,9.02
tablet_R5.5_AR1.17_CV0.20.stl,5.5,1.17,0.2,11.0,12.9,5.5,1.1,2.2,7.98
tablet_R5.5_AR1.17_CV0.23.stl,5.5,1.17,0.23,11.0,12.9,6.16,1.1,2.53,7.24
tablet_R5.5_AR1.17_CV0.26.stl,5.5,1.17,0.26,11.0,12.9,6.82,1.1,2.86,6.72
tablet_R5.5_AR1.17_CV0.29.stl,5.5,1.17,0.29,11.0,12.9,7.48,1.1,3.19,6.34
tablet_R5.5_AR1.17_CV0.32.stl,5.5,1.17,0.32,11.0,12.9,8.14,1.1,3.52,6.06
tablet_R5.5_AR1.17_CV0.35.stl,5.5,1.17,0.35,11.0,12.9,8.8,1.1,3.85,5.85
tablet_R5.5_AR1.33_CV0.08.stl,5.5,1.33,0.08,11.0,14.6,2.86,1.1,0.88,17.63
tablet_R5.5_AR1.33_CV0.11.stl,5.5,1.33,0.11,11.0,14.6,3.52,1.1,1.21,13.1
tablet_R5.5_AR1.33_CV0.14.stl,5.5,1.33,0.14,11.0,14.6,4.18,1.1,1.54,10.59
tablet_R5.5_AR1.33_CV0.17.stl,5.5,1.33,0.17,11.0,14.6,4.84,1.1,1.87,9.02
tablet_R5.5_AR1.33_CV0.20.stl,5.5,1.33,0.2,11.0,14.6,5.5,1.1,2.2,7.98
tablet_R5.5_AR1.33_CV0.23.stl,5.5,1.33,0.23,11.0,14.6,6.16,1.1,2.53,7.24
tablet_R5.5_AR1.33_CV0.26.stl,5.5,1.33,0.26,11.0,14.6,6.82,1.1,2.86,6.72
tablet_R5.5_AR1.33_CV0.29.stl,5.5,1.33,0.29,11.0,14.6,7.48,1.1,3.19,6.34
tablet_R5.5_AR1.33_CV0.32.stl,5.5,1.33,0.32,11.0,14.6,8.14,1.1,3.52,6.06
tablet_R5.5_AR1.33_CV0.35.stl,5.5,1.33,0.35,11.0,14.6,8.8,1.1,3.85,5.85
tablet_R5.5_AR1.50_CV0.08.stl,5.5,1.5,0.08,11.0,16.5,2.86,1.1,0.88,17.63
tablet_R5.5_AR1.50_CV0.11.stl,5.5,1.5,0.11,11.0,16.5,3.52,1.1,1.21,13.1
tablet_R5.5_AR1.50_CV0.14.stl,5.5,1.5,0.14,11.0,16.5,4.18,1.1,1.54,10.59
tablet_R5.5_AR1.50_CV0.17.stl,5.5,1.5,0.17,11.0,16.5,4.84,1.1,1.87,9.02
tablet_R5.5_AR1.50_CV0.20.stl,5.5,1.5,0.2,11.0,16.5,5.5,1.1,2.2,7.98
tablet_R5.5_AR1.50_CV0.23.stl,5.5,1.5,0.23,11.0,16.5,6.16,1.1,2.53,7.24
tablet_R5.5_AR1.50_CV0.26.stl,5.5,1.5,0.26,11.0,16.5,6.82,1.1,2.86,6.72
tablet_R5.5_AR1.50_CV0.29.stl,5.5,1.5,0.29,11.0,16.5,7.48,1.1,3.19,6.34
tablet_R5.5_AR1.50_CV0.32.stl,5.5,1.5,0.32,11.0,16.5,8.14,1.1,3.52,6.06
tablet_R5.5_AR1.50_CV0.35.stl,5.5,1.5,0.35,11.0,16.5,8.8,1.1,3.85,5.85
tablet_R5.5_AR1.67_CV0.08.stl,5.5,1.67,0.08,11.0,18.4,2.86,1.1,0.88,17.63
tablet_R5.5_AR1.67_CV0.11.stl,5.5,1.67,0.11,11.0,18.4,3.52,1.1,1.21,13.1
tablet_R5.5_AR1.67_CV0.14.stl,5.5,1.67,0.14,11.0,18.4,4.18,1.1,1.54,10.59
tablet_R5.5_AR1.67_CV0.17.stl,5.5,1.67,0.17,11.0,18.4,4.84,1.1,1.87,9.02
tablet_R5.5_AR1.67_CV0.20.stl,5.5,1.67,0.2,11.0,18.4,5.5,1.1,2.2,7.98
tablet_R5.5_AR1.67_CV0.23.stl,5.5,1.67,0.23,11.0,18.4,6.16,1.1,2.53,7.24
tablet_R5.5_AR1.67_CV0.26.stl,5.5,1.67,0.26,11.0,18.4,6.82,1.1,2.86,6.72
tablet_R5.5_AR1.67_CV0.29.stl,5.5,1.67,0.29,11.0,18.4,7.48,1.1,3.19,6.34
tablet_R5.5_AR1.67_CV0.32.stl,5.5,1.67,0.32,11.0,18.4,8.14,1.1,3.52,6.06
tablet_R5.5_AR1.67_CV0.35.stl,5.5,1.67,0.35,11.0,18.4,8.8,1.1,3.85,5.85
tablet_R5.5_AR1.83_CV0.08.stl,5.5,1.83,0.08,11.0,20.1,2.86,1.1,0.88,17.63
tablet_R5.5_AR1.83_CV0.11.stl,5.5,1.83,0.11,11.0,20.1,3.52,1.1,1.21,13.1
tablet_R5.5_AR1.83_CV0.14.stl,5.5,1.83,0.14,11.0,20.1,4.18,1.1,1.54,10.59
tablet_R5.5_AR1.83_CV0.17.stl,5.5,1.83,0.17,11.0,20.1,4.84,1.1,1.87,9.02
tablet_R5.5_AR1.83_CV0.20.stl,5.5,1.83,0.2,11.0,20.1,5.5,1.1,2.2,7.98
tablet_R5.5_AR1.83_CV0.23.stl,5.5,1.83,0.23,11.0,20.1,6.16,1.1,2.53,7.24
tablet_R5.5_AR1.83_CV0.26.stl,5.5,1.83,0.26,11.0,20.1,6.82,1.1,2.86,6.72
tablet_R5.5_AR1.83_CV0.29.stl,5.5,1.83,0.29,11.0,20.1,7.48,1.1,3.19,6.34
tablet_R5.5_AR1.83_CV0.32.stl,5.5,1.83,0.32,11.0,20.1,8.14,1.1,3.52,6.06
tablet_R5.5_AR1.83_CV0.35.stl,5.5,1.83,0.35,11.0,20.1,8.8,1.1,3.85,5.85
tablet_R5.5_AR2.00_CV0.08.stl,5.5,2.0,0.08,11.0,22.0,2.86,1.1,0.88,17.63
tablet_R5.5_AR2.00_CV0.11.stl,5.5,2.0,0.11,11.0,22.0,3.52,1.1,1.21,13.1
tablet_R5.5_AR2.00_CV0.14.stl,5.5,2.0,0.14,11.0,22.0,4.18,1.1,1.54,10.59
tablet_R5.5_AR2.00_CV0.17.stl,5.5,2.0,0.17,11.0,22.0,4.84,1.1,1.87,9.02
tablet_R5.5_AR2.00_CV0.20.stl,5.5,2.0,0.2,11.0,22.0,5.5,1.1,2.2,7.98
tablet_R5.5_AR2.00_CV0.23.stl,5.5,2.0,0.23,11.0,22.0,6.16,1.1,2.53,7.24
tablet_R5.5_AR2.00_CV0.26.stl,5.5,2.0,0.26,11.0,22.0,6.82,1.1,2.86,6.72
tablet_R5.5_AR2.00_CV0.29.stl,5.5,2.0,0.29,11.0,22.0,7.48,1.1,3.19,6.34
tablet_R5.5_AR2.00_CV0.32.stl,5.5,2.0,0.32,11.0,22.0,8.14,1.1,3.52,6.06
tablet_R5.5_AR2.00_CV0.35.stl,5.5,2.0,0.35,11.0,22.0,8.8,1.1,3.85,5.85
tablet_R5.5_AR2.17_CV0.08.stl,5.5,2.17,0.08,11.0,23.9,2.86,1.1,0.88,17.63
tablet_R5.5_AR2.17_CV0.11.stl,5.5,2.17,0.11,11.0,23.9,3.52,1.1,1.21,13.1
tablet_R5.5_AR2.17_CV0.14.stl,5.5,2.17,0.14,11.0,23.9,4.18,1.1,1.54,10.59
tablet_R5.5_AR2.17_CV0.17.stl,5.5,2.17,0.17,11.0,23.9,4.84,1.1,1.87,9.02
tablet_R5.5_AR2.17_CV0.20.stl,5.5,2.17,0.2,11.0,23.9,5.5,1.1,2.2,7.98
tablet_R5.5_AR2.17_CV0.23.stl,5.5,2.17,0.23,11.0,23.9,6.16,1.1,2.53,7.24
tablet_R5.5_AR2.17_CV0.26.stl,5.5,2.17,0.26,11.0,23.9,6.82,1.1,2.86,6.72
tablet_R5.5_AR2.17_CV0.29.stl,5.5,2.17,0.29,11.0,23.9,7.48,1.1,3.19,6.34
tablet_R5.5_AR2.17_CV0.32.stl,5.5,2.17,0.32,11.0,23.9,8.14,1.1,3.52,6.06
tablet_R5.5_AR2.17_CV0.35.stl,5.5,2.17,0.35,11.0,23.9,8.8,1.1,3.85,5.85
tablet_R5.5_AR2.33_CV0.08.stl,5.5,2.33,0.08,11.0,25.6,2.86,1.1,0.88,17.63
tablet_R5.5_AR2.33_CV0.11.stl,5.5,2.33,0.11,11.0,25.6,3.52,1.1,1.21,13.1
tablet_R5.5_AR2.33_CV0.14.stl,5.5,2.33,0.14,11.0,25.6,4.18,1.1,1.54,10.59
tablet_R5.5_AR2.33_CV0.17.stl,5.5,2.33,0.17,11.0,25.6,4.84,1.1,1.87,9.02
tablet_R5.5_AR2.33_CV0.20.stl,5.5,2.33,0.2,11.0,25.6,5.5,1.1,2.2,7.98
tablet_R5.5_AR2.33_CV0.23.stl,5.5,2.33,0.23,11.0,25.6,6.16,1.1,2.53,7.24
tablet_R5.5_AR2.33_CV0.26.stl,5.5,2.33,0.26,11.0,25.6,6.82,1.1,2.86,6.72
tablet_R5.5_AR2.33_CV0.29.stl,5.5,2.33,0.29,11.0,25.6,7.48,1.1,3.19,6.34
tablet_R5.5_AR2.33_CV0.32.stl,5.5,2.33,0.32,11.0,25.6,8.14,1.1,3.52,6.06
tablet_R5.5_AR2.33_CV0.35.stl,5.5,2.33,0.35,11.0,25.6,8.8,1.1,3.85,5.85
tablet_R5.5_AR2.50_CV0.08.stl,5.5,2.5,0.08,11.0,27.5,2.86,1.1,0.88,17.63
tablet_R5.5_AR2.50_CV0.11.stl,5.5,2.5,0.11,11.0,27.5,3.52,1.1,1.21,13.1
tablet_R5.5_AR2.50_CV0.14.stl,5.5,2.5,0.14,11.0,27.5,4.18,1.1,1.54,10.59
tablet_R5.5_AR2.50_CV0.17.stl,5.5,2.5,0.17,11.0,27.5,4.84,1.1,1.87,9.02
tablet_R5.5_AR2.50_CV0.20.stl,5.5,2.5,0.2,11.0,27.5,5.5,1.1,2.2,7.98
tablet_R5.5_AR2.50_CV0.23.stl,5.5,2.5,0.23,11.0,27.5,6.16,1.1,2.53,7.24
tablet_R5.5_AR2.50_CV0.26.stl,5.5,2.5,0.26,11.0,27.5,6.82,1.1,2.86,6.72
tablet_R5.5_AR2.50_CV0.29.stl,5.5,2.5,0.29,11.0,27.5,7.48,1.1,3.19,6.34
tablet_R5.5_AR2.50_CV0.32.stl,5.5,2.5,0.32,11.0,27.5,8.14,1.1,3.52,6.06
tablet_R5.5_AR2.50_CV0.35.stl,5.5,2.5,0.35,11.0,27.5,8.8,1.1,3.85,5.85
tablet_R6.0_AR1.00_CV0.08.stl,6.0,1.0,0.08,12.0,12.0,3.12,1.2,0.96,19.23
tablet_R6.0_AR1.00_CV0.11.stl,6.0,1.0,0.11,12.0,12.0,3.84,1.2,1.32,14.3
tablet_R6.0_AR1.00_CV0.14.stl,6.0,1.0,0.14,12.0,12.0,4.56,1.2,1.68,11.55
tablet_R6.0_AR1.00_CV0.17.stl,6.0,1.0,0.17,12.0,12.0,5.28,1.2,2.04,9.84
tablet_R6.0_AR1.00_CV0.20.stl,6.0,1.0,0.2,12.0,12.0,6.0,1.2,2.4,8.7
tablet_R6.0_AR1.00_CV0.23.stl,6.0,1.0,0.23,12.0,12.0,6.72,1.2,2.76,7.9
tablet_R6.0_AR1.00_CV0.26.stl,6.0,1.0,0.26,12.0,12.0,7.44,1.2,3.12,7.33
tablet_R6.0_AR1.00_CV0.29.stl,6.0,1.0,0.29,12.0,12.0,8.16,1.2,3.48,6.91
tablet_R6.0_AR1.00_CV0.32.stl,6.0,1.0,0.32,12.0,12.0,8.88,1.2,3.84,6.61
tablet_R6.0_AR1.00_CV0.35.stl,6.0,1.0,0.35,12.0,12.0,9.6,1.2,4.2,6.39
tablet_R6.0_AR1.17_CV0.08.stl,6.0,1.17,0.08,12.0,14.0,3.12,1.2,0.96,19.23
tablet_R6.0_AR1.17_CV0.11.stl,6.0,1.17,0.11,12.0,14.0,3.84,1.2,1.32,14.3
tablet_R6.0_AR1.17_CV0.14.stl,6.0,1.17,0.14,12.0,14.0,4.56,1.2,1.68,11.55
tablet_R6.0_AR1.17_CV0.17.stl,6.0,1.17,0.17,12.0,14.0,5.28,1.2,2.04,9.84
tablet_R6.0_AR1.17_CV0.20.stl,6.0,1.17,0.2,12.0,14.0,6.0,1.2,2.4,8.7
tablet_R6.0_AR1.17_CV0.23.stl,6.0,1.17,0.23,12.0,14.0,6.72,1.2,2.76,7.9
tablet_R6.0_AR1.17_CV0.26.stl,6.0,1.17,0.26,12.0,14.0,7.44,1.2,3.12,7.33
tablet_R6.0_AR1.17_CV0.29.stl,6.0,1.17,0.29,12.0,14.0,8.16,1.2,3.48,6.91
tablet_R6.0_AR1.17_CV0.32.stl,6.0,1.17,0.32,12.0,14.0,8.88,1.2,3.84,6.61
tablet_R6.0_AR1.17_CV0.35.stl,6.0,1.17,0.35,12.0,14.0,9.6,1.2,4.2,6.39
tablet_R6.0_AR1.33_CV0.08.stl,6.0,1.33,0.08,12.0,16.0,3.12,1.2,0.96,19.23
tablet_R6.0_AR1.33_CV0.11.stl,6.0,1.33,0.11,12.0,16.0,3.84,1.2,1.32,14.3
tablet_R6.0_AR1.33_CV0.14.stl,6.0,1.33,0.14,12.0,16.0,4.56,1.2,1.68,11.55
tablet_R6.0_AR1.33_CV0.17.stl,6.0,1.33,0.17,12.0,16.0,5.28,1.2,2.04,9.84
tablet_R6.0_AR1.33_CV0.20.stl,6.0,1.33,0.2,12.0,16.0,6.0,1.2,2.4,8.7
tablet_R6.0_AR1.33_CV0.23.stl,6.0,1.33,0.23,12.0,16.0,6.72,1.2,2.76,7.9
tablet_R6.0_AR1.33_CV0.26.stl,6.0,1.33,0.26,12.0,16.0,7.44,1.2,3.12,7.33
tablet_R6.0_AR1.33_CV0.29.stl,6.0,1.33,0.29,12.0,16.0,8.16,1.2,3.48,6.91
tablet_R6.0_AR1.33_CV0.32.stl,6.0,1.33,0.32,12.0,16.0,8.88,1.2,3.84,6.61
tablet_R6.0_AR1.33_CV0.35.stl,6.0,1.33,0.35,12.0,16.0,9.6,1.2,4.2,6.39
tablet_R6.0_AR1.50_CV0.08.stl,6.0,1.5,0.08,12.0,18.0,3.12,1.2,0.96,19.23
tablet_R6.0_AR1.50_CV0.11.stl,6.0,1.5,0.11,12.0,18.0,3.84,1.2,1.32,14.3
tablet_R6.0_AR1.50_CV0.14.stl,6.0,1.5,0.14,12.0,18.0,4.56,1.2,1.68,11.55
tablet_R6.0_AR1.50_CV0.17.stl,6.0,1.5,0.17,12.0,18.0,5.28,1.2,2.04,9.84
tablet_R6.0_AR1.50_CV0.20.stl,6.0,1.5,0.2,12.0,18.0,6.0,1.2,2.4,8.7
tablet_R6.0_AR1.50_CV0.23.stl,6.0,1.5,0.23,12.0,18.0,6.72,1.2,2.76,7.9
tablet_R6.0_AR1.50_CV0.26.stl,6.0,1.5,0.26,12.0,18.0,7.44,1.2,3.12,7.33
tablet_R6.0_AR1.50_CV0.29.stl,6.0,1.5,0.29,12.0,18.0,8.16,1.2,3.48,6.91
tablet_R6.0_AR1.50_CV0.32.stl,6.0,1.5,0.32,12.0,18.0,8.88,1.2,3.84,6.61
tablet_R6.0_AR1.50_CV0.35.stl,6.0,1.5,0.35,12.0,18.0,9.6,1.2,4.2,6.39
tablet_R6.0_AR1.67_CV0.08.stl,6.0,1.67,0.08,12.0,20.0,3.12,1.2,0.96,19.23
tablet_R6.0_AR1.67_CV0.11.stl,6.0,1.67,0.11,12.0,20.0,3.84,1.2,1.32,14.3
tablet_R6.0_AR1.67_CV0.14.stl,6.0,1.67,0.14,12.0,20.0,4.56,1.2,1.68,11.55
tablet_R6.0_AR1.67_CV0.17.stl,6.0,1.67,0.17,12.0,20.0,5.28,1.2,2.04,9.84
tablet_R6.0_AR1.67_CV0.20.stl,6.0,1.67,0.2,12.0,20.0,6.0,1.2,2.4,8.7
tablet_R6.0_AR1.67_CV0.23.stl,6.0,1.67,0.23,12.0,20.0,6.72,1.2,2.76,7.9
tablet_R6.0_AR1.67_CV0.26.stl,6.0,1.67,0.26,12.0,20.0,7.44,1.2,3.12,7.33
tablet_R6.0_AR1.67_CV0.29.stl,6.0,1.67,0.29,12.0,20.0,8.16,1.2,3.48,6.91
tablet_R6.0_AR1.67_CV0.32.stl,6.0,1.67,0.32,12.0,20.0,8.88,1.2,3.84,6.61
tablet_R6.0_AR1.67_CV0.35.stl,6.0,1.67,0.35,12.0,20.0,9.6,1.2,4.2,6.39
tablet_R6.0_AR1.83_CV0.08.stl,6.0,1.83,0.08,12.0,22.0,3.12,1.2,0.96,19.23
tablet_R6.0_AR1.83_CV0.11.stl,6.0,1.83,0.11,12.0,22.0,3.84,1.2,1.32,14.3
tablet_R6.0_AR1.83_CV0.14.stl,6.0,1.83,0.14,12.0,22.0,4.56,1.2,1.68,11.55
tablet_R6.0_AR1.83_CV0.17.stl,6.0,1.83,0.17,12.0,22.0,5.28,1.2,2.04,9.84
tablet_R6.0_AR1.83_CV0.20.stl,6.0,1.83,0.2,12.0,22.0,6.0,1.2,2.4,8.7
tablet_R6.0_AR1.83_CV0.23.stl,6.0,1.83,0.23,12.0,22.0,6.72,1.2,2.76,7.9
tablet_R6.0_AR1.83_CV0.26.stl,6.0,1.83,0.26,12.0,22.0,7.44,1.2,3.12,7.33
tablet_R6.0_AR1.83_CV0.29.stl,6.0,1.83,0.29,12.0,22.0,8.16,1.2,3.48,6.91
tablet_R6.0_AR1.83_CV0.32.stl,6.0,1.83,0.32,12.0,22.0,8.88,1.2,3.84,6.61
tablet_R6.0_AR1.83_CV0.35.stl,6.0,1.83,0.35,12.0,22.0,9.6,1.2,4.2,6.39
tablet_R6.0_AR2.00_CV0.08.stl,6.0,2.0,0.08,12.0,24.0,3.12,1.2,0.96,19.23
tablet_R6.0_AR2.00_CV0.11.stl,6.0,2.0,0.11,12.0,24.0,3.84,1.2,1.32,14.3
tablet_R6.0_AR2.00_CV0.14.stl,6.0,2.0,0.14,12.0,24.0,4.56,1.2,1.68,11.55
tablet_R6.0_AR2.00_CV0.17.stl,6.0,2.0,0.17,12.0,24.0,5.28,1.2,2.04,9.84
tablet_R6.0_AR2.00_CV0.20.stl,6.0,2.0,0.2,12.0,24.0,6.0,1.2,2.4,8.7
tablet_R6.0_AR2.00_CV0.23.stl,6.0,2.0,0.23,12.0,24.0,6.72,1.2,2.76,7.9
tablet_R6.0_AR2.00_CV0.26.stl,6.0,2.0,0.26,12.0,24.0,7.44,1.2,3.12,7.33
tablet_R6.0_AR2.00_CV0.29.stl,6.0,2.0,0.29,12.0,24.0,8.16,1.2,3.48,6.91
tablet_R6.0_AR2.00_CV0.32.stl,6.0,2.0,0.32,12.0,24.0,8.88,1.2,3.84,6.61
tablet_R6.0_AR2.00_CV0.35.stl,6.0,2.0,0.35,12.0,24.0,9.6,1.2,4.2,6.39
tablet_R6.0_AR2.17_CV0.08.stl,6.0,2.17,0.08,12.0,26.0,3.12,1.2,0.96,19.23
tablet_R6.0_AR2.17_CV0.11.stl,6.0,2.17,0.11,12.0,26.0,3.84,1.2,1.32,14.3
tablet_R6.0_AR2.17_CV0.14.stl,6.0,2.17,0.14,12.0,26.0,4.56,1.2,1.68,11.55
tablet_R6.0_AR2.17_CV0.17.stl,6.0,2.17,0.17,12.0,26.0,5.28,1.2,2.04,9.84
tablet_R6.0_AR2.17_CV0.20.stl,6.0,2.17,0.2,12.0,26.0,6.0,1.2,2.4,8.7
tablet_R6.0_AR2.17_CV0.23.stl,6.0,2.17,0.23,12.0,26.0,6.72,1.2,2.76,7.9
tablet_R6.0_AR2.17_CV0.26.stl,6.0,2.17,0.26,12.0,26.0,7.44,1.2,3.12,7.33
tablet_R6.0_AR2.17_CV0.29.stl,6.0,2.17,0.29,12.0,26.0,8.16,1.2,3.48,6.91
tablet_R6.0_AR2.17_CV0.32.stl,6.0,2.17,0.32,12.0,26.0,8.88,1.2,3.84,6.61
tablet_R6.0_AR2.17_CV0.35.stl,6.0,2.17,0.35,12.0,26.0,9.6,1.2,4.2,6.39
tablet_R6.0_AR2.33_CV0.08.stl,6.0,2.33,0.08,12.0,28.0,3.12,1.2,0.96,19.23
tablet_R6.0_AR2.33_CV0.11.stl,6.0,2.33,0.11,12.0,28.0,3.84,1.2,1.32,14.3
tablet_R6.0_AR2.33_CV0.14.stl,6.0,2.33,0.14,12.0,28.0,4.56,1.2,1.68,11.55
tablet_R6.0_AR2.33_CV0.17.stl,6.0,2.33,0.17,12.0,28.0,5.28,1.2,2.04,9.84
tablet_R6.0_AR2.33_CV0.20.stl,6.0,2.33,0.2,12.0,28.0,6.0,1.2,2.4,8.7
tablet_R6.0_AR2.33_CV0.23.stl,6.0,2.33,0.23,12.0,28.0,6.72,1.2,2.76,7.9
tablet_R6.0_AR2.33_CV0.26.stl,6.0,2.33,0.26,12.0,28.0,7.44,1.2,3.12,7.33
tablet_R6.0_AR2.33_CV0.29.stl,6.0,2.33,0.29,12.0,28.0,8.16,1.2,3.48,6.91
tablet_R6.0_AR2.33_CV0.32.stl,6.0,2.33,0.32,12.0,28.0,8.88,1.2,3.84,6.61
tablet_R6.0_AR2.33_CV0.35.stl,6.0,2.33,0.35,12.0,28.0,9.6,1.2,4.2,6.39
tablet_R6.0_AR2.50_CV0.08.stl,6.0,2.5,0.08,12.0,30.0,3.12,1.2,0.96,19.23
tablet_R6.0_AR2.50_CV0.11.stl,6.0,2.5,0.11,12.0,30.0,3.84,1.2,1.32,14.3
tablet_R6.0_AR2.50_CV0.14.stl,6.0,2.5,0.14,12.0,30.0,4.56,1.2,1.68,11.55
tablet_R6.0_AR2.50_CV0.17.stl,6.0,2.5,0.17,12.0,30.0,5.28,1.2,2.04,9.84
tablet_R6.0_AR2.50_CV0.20.stl,6.0,2.5,0.2,12.0,30.0,6.0,1.2,2.4,8.7
tablet_R6.0_AR2.50_CV0.23.stl,6.0,2.5,0.23,12.0,30.0,6.72,1.2,2.76,7.9
tablet_R6.0_AR2.50_CV0.26.stl,6.0,2.5,0.26,12.0,30.0,7.44,1.2,3.12,7.33
tablet_R6.0_AR2.50_CV0.29.stl,6.0,2.5,0.29,12.0,30.0,8.16,1.2,3.48,6.91
tablet_R6.0_AR2.50_CV0.32.stl,6.0,2.5,0.32,12.0,30.0,8.88,1.2,3.84,6.61
tablet_R6.0_AR2.50_CV0.35.stl,6.0,2.5,0.35,12.0,30.0,9.6,1.2,4.2,6.39
tablet_R6.5_AR1.00_CV0.08.stl,6.5,1.0,0.08,13.0,13.0,3.38,1.3,1.04,20.83
tablet_R6.5_AR1.00_CV0.11.stl,6.5,1.0,0.11,13.0,13.0,4.16,1.3,1.43,15.49
tablet_R6.5_AR1.00_CV0.14.stl,6.5,1.0,0.14,13.0,13.0,4.94,1.3,1.82,12.52
tablet_R6.5_AR1.00_CV0.17.stl,6.5,1.0,0.17,13.0,13.0,5.72,1.3,2.21,10.66
tablet_R6.5_AR1.00_CV0.20.stl,6.5,1.0,0.2,13.0,13.0,6.5,1.3,2.6,9.42
tablet_R6.5_AR1.00_CV0.23.stl,6.5,1.0,0.23,13.0,13.0,7.28,1.3,2.99,8.56
tablet_R6.5_AR1.00_CV0.26.stl,6.5,1.0,0.26,13.0,13.0,8.06,1.3,3.38,7.94
tablet_R6.5_AR1.00_CV0.29.stl,6.5,1.0,0.29,13.0,13.0,8.84,1.3,3.77,7.49
tablet_R6.5_AR1.00_CV0.32.stl,6.5,1.0,0.32,13.0,13.0,9.62,1.3,4.16,7.16
tablet_R6.5_AR1.00_CV0.35.stl,6.5,1.0,0.35,13.0,13.0,10.4,1.3,4.55,6.92
tablet_R6.5_AR1.17_CV0.08.stl,6.5,1.17,0.08,13.0,15.2,3.38,1.3,1.04,20.83
tablet_R6.5_AR1.17_CV0.11.stl,6.5,1.17,0.11,13.0,15.2,4.16,1.3,1.43,15.49
tablet_R6.5_AR1.17_CV0.14.stl,6.5,1.17,0.14,13.0,15.2,4.94,1.3,1.82,12.52
tablet_R6.5_AR1.17_CV0.17.stl,6.5,1.17,0.17,13.0,15.2,5.72,1.3,2.21,10.66
tablet_R6.5_AR1.17_CV0.20.stl,6.5,1.17,0.2,13.0,15.2,6.5,1.3,2.6,9.42
tablet_R6.5_AR1.17_CV0.23.stl,6.5,1.17,0.23,13.0,15.2,7.28,1.3,2.99,8.56
tablet_R6.5_AR1.17_CV0.26.stl,6.5,1.17,0.26,13.0,15.2,8.06,1.3,3.38,7.94
tablet_R6.5_AR1.17_CV0.29.stl,6.5,1.17,0.29,13.0,15.2,8.84,1.3,3.77,7.49
tablet_R6.5_AR1.17_CV0.32.stl,6.5,1.17,0.32,13.0,15.2,9.62,1.3,4.16,7.16
tablet_R6.5_AR1.17_CV0.35.stl,6.5,1.17,0.35,13.0,15.2,10.4,1.3,4.55,6.92
tablet_R6.5_AR1.33_CV0.08.stl,6.5,1.33,0.08,13.0,17.3,3.38,1.3,1.04,20.83
tablet_R6.5_AR1.33_CV0.11.stl,6.5,1.33,0.11,13.0,17.3,4.16,1.3,1.43,15.49
tablet_R6.5_AR1.33_CV0.14.stl,6.5,1.33,0.14,13.0,17.3,4.94,1.3,1.82,12.52
tablet_R6.5_AR1.33_CV0.17.stl,6.5,1.33,0.17,13.0,17.3,5.72,1.3,2.21,10.66
tablet_R6.5_AR1.33_CV0.20.stl,6.5,1.33,0.2,13.0,17.3,6.5,1.3,2.6,9.42
tablet_R6.5_AR1.33_CV0.23.stl,6.5,1.33,0.23,13.0,17.3,7.28,1.3,2.99,8.56
tablet_R6.5_AR1.33_CV0.26.stl,6.5,1.33,0.26,13.0,17.3,8.06,1.3,3.38,7.94
tablet_R6.5_AR1.33_CV0.29.stl,6.5,1.33,0.29,13.0,17.3,8.84,1.3,3.77,7.49
tablet_R6.5_AR1.33_CV0.32.stl,6.5,1.33,0.32,13.0,17.3,9.62,1.3,4.16,7.16
tablet_R6.5_AR1.33_CV0.35.stl,6.5,1.33,0.35,13.0,17.3,10.4,1.3,4.55,6.92
tablet_R6.5_AR1.50_CV0.08.stl,6.5,1.5,0.08,13.0,19.5,3.38,1.3,1.04,20.83
tablet_R6.5_AR1.50_CV0.11.stl,6.5,1.5,0.11,13.0,19.5,4.16,1.3,1.43,15.49
tablet_R6.5_AR1.50_CV0.14.stl,6.5,1.5,0.14,13.0,19.5,4.94,1.3,1.82,12.52
tablet_R6.5_AR1.50_CV0.17.stl,6.5,1.5,0.17,13.0,19.5,5.72,1.3,2.21,10.66
tablet_R6.5_AR1.50_CV0.20.stl,6.5,1.5,0.2,13.0,19.5,6.5,1.3,2.6,9.42
tablet_R6.5_AR1.50_CV0.23.stl,6.5,1.5,0.23,13.0,19.5,7.28,1.3,2.99,8.56
tablet_R6.5_AR1.50_CV0.26.stl,6.5,1.5,0.26,13.0,19.5,8.06,1.3,3.38,7.94
tablet_R6.5_AR1.50_CV0.29.stl,6.5,1.5,0.29,13.0,19.5,8.84,1.3,3.77,7.49
tablet_R6.5_AR1.50_CV0.32.stl,6.5,1.5,0.32,13.0,19.5,9.62,1.3,4.16,7.16
tablet_R6.5_AR1.50_CV0.35.stl,6.5,1.5,0.35,13.0,19.5,10.4,1.3,4.55,6.92
tablet_R6.5_AR1.67_CV0.08.stl,6.5,1.67,0.08,13.0,21.7,3.38,1.3,1.04,20.83
tablet_R6.5_AR1.67_CV0.11.stl,6.5,1.67,0.11,13.0,21.7,4.16,1.3,1.43,15.49
tablet_R6.5_AR1.67_CV0.14.stl,6.5,1.67,0.14,13.0,21.7,4.94,1.3,1.82,12.52
tablet_R6.5_AR1.67_CV0.17.stl,6.5,1.67,0.17,13.0,21.7,5.72,1.3,2.21,10.66
tablet_R6.5_AR1.67_CV0.20.stl,6.5,1.67,0.2,13.0,21.7,6.5,1.3,2.6,9.42
tablet_R6.5_AR1.67_CV0.23.stl,6.5,1.67,0.23,13.0,21.7,7.28,1.3,2.99,8.56
tablet_R6.5_AR1.67_CV0.26.stl,6.5,1.67,0.26,13.0,21.7,8.06,1.3,3.38,7.94
tablet_R6.5_AR1.67_CV0.29.stl,6.5,1.67,0.29,13.0,21.7,8.84,1.3,3.77,7.49
tablet_R6.5_AR1.67_CV0.32.stl,6.5,1.67,0.32,13.0,21.7,9.62,1.3,4.16,7.16
tablet_R6.5_AR1.67_CV0.35.stl,6.5,1.67,0.35,13.0,21.7,10.4,1.3,4.55,6.92
tablet_R6.5_AR1.83_CV0.08.stl,6.5,1.83,0.08,13.0,23.8,3.38,1.3,1.04,20.83
tablet_R6.5_AR1.83_CV0.11.stl,6.5,1.83,0.11,13.0,23.8,4.16,1.3,1.43,15.49
tablet_R6.5_AR1.83_CV0.14.stl,6.5,1.83,0.14,13.0,23.8,4.94,1.3,1.82,12.52
tablet_R6.5_AR1.83_CV0.17.stl,6.5,1.83,0.17,13.0,23.8,5.72,1.3,2.21,10.66
tablet_R6.5_AR1.83_CV0.20.stl,6.5,1.83,0.2,13.0,23.8,6.5,1.3,2.6,9.42
tablet_R6.5_AR1.83_CV0.23.stl,6.5,1.83,0.23,13.0,23.8,7.28,1.3,2.99,8.56
tablet_R6.5_AR1.83_CV0.26.stl,6.5,1.83,0.26,13.0,23.8,8.06,1.3,3.38,7.94
tablet_R6.5_AR1.83_CV0.29.stl,6.5,1.83,0.29,13.0,23.8,8.84,1.3,3.77,7.49
tablet_R6.5_AR1.83_CV0.32.stl,6.5,1.83,0.32,13.0,23.8,9.62,1.3,4.16,7.16
tablet_R6.5_AR1.83_CV0.35.stl,6.5,1.83,0.35,13.0,23.8,10.4,1.3,4.55,6.92
tablet_R6.5_AR2.00_CV0.08.stl,6.5,2.0,0.08,13.0,26.0,3.38,1.3,1.04,20.83
tablet_R6.5_AR2.00_CV0.11.stl,6.5,2.0,0.11,13.0,26.0,4.16,1.3,1.43,15.49
tablet_R6.5_AR2.00_CV0.14.stl,6.5,2.0,0.14,13.0,26.0,4.94,1.3,1.82,12.52
tablet_R6.5_AR2.00_CV0.17.stl,6.5,2.0,0.17,13.0,26.0,5.72,1.3,2.21,10.66
tablet_R6.5_AR2.00_CV0.20.stl,6.5,2.0,0.2,13.0,26.0,6.5,1.3,2.6,9.42
tablet_R6.5_AR2.00_CV0.23.stl,6.5,2.0,0.23,13.0,26.0,7.28,1.3,2.99,8.56
tablet_R6.5_AR2.00_CV0.26.stl,6.5,2.0,0.26,13.0,26.0,8.06,1.3,3.38,7.94
tablet_R6.5_AR2.00_CV0.29.stl,6.5,2.0,0.29,13.0,26.0,8.84,1.3,3.77,7.49
tablet_R6.5_AR2.00_CV0.32.stl,6.5,2.0,0.32,13.0,26.0,9.62,1.3,4.16,7.16
tablet_R6.5_AR2.00_CV0.35.stl,6.5,2.0,0.35,13.0,26.0,10.4,1.3,4.55,6.92
tablet_R6.5_AR2.17_CV0.08.stl,6.5,2.17,0.08,13.0,28.2,3.38,1.3,1.04,20.83
tablet_R6.5_AR2.17_CV0.11.stl,6.5,2.17,0.11,13.0,28.2,4.16,1.3,1.43,15.49
tablet_R6.5_AR2.17_CV0.14.stl,6.5,2.17,0.14,13.0,28.2,4.94,1.3,1.82,12.52
tablet_R6.5_AR2.17_CV0.17.stl,6.5,2.17,0.17,13.0,28.2,5.72,1.3,2.21,10.66
tablet_R6.5_AR2.17_CV0.20.stl,6.5,2.17,0.2,13.0,28.2,6.5,1.3,2.6,9.42
tablet_R6.5_AR2.17_CV0.23.stl,6.5,2.17,0.23,13.0,28.2,7.28,1.3,2.99,8.56
tablet_R6.5_AR2.17_CV0.26.stl,6.5,2.17,0.26,13.0,28.2,8.06,1.3,3.38,7.94
tablet_R6.5_AR2.17_CV0.29.stl,6.5,2.17,0.29,13.0,28.2,8.84,1.3,3.77,7.49
tablet_R6.5_AR2.17_CV0.32.stl,6.5,2.17,0.32,13.0,28.2,9.62,1.3,4.16,7.16
tablet_R6.5_AR2.17_CV0.35.stl,6.5,2.17,0.35,13.0,28.2,10.4,1.3,4.55,6.92
tablet_R6.5_AR2.33_CV0.08.stl,6.5,2.33,0.08,13.0,30.3,3.38,1.3,1.04,20.83
tablet_R6.5_AR2.33_CV0.11.stl,6.5,2.33,0.11,13.0,30.3,4.16,1.3,1.43,15.49
tablet_R6.5_AR2.33_CV0.14.stl,6.5,2.33,0.14,13.0,30.3,4.94,1.3,1.82,12.52
tablet_R6.5_AR2.33_CV0.17.stl,6.5,2.33,0.17,13.0,30.3,5.72,1.3,2.21,10.66
tablet_R6.5_AR2.33_CV0.20.stl,6.5,2.33,0.2,13.0,30.3,6.5,1.3,2.6,9.42
tablet_R6.5_AR2.33_CV0.23.stl,6.5,2.33,0.23,13.0,30.3,7.28,1.3,2.99,8.56
tablet_R6.5_AR2.33_CV0.26.stl,6.5,2.33,0.26,13.0,30.3,8.06,1.3,3.38,7.94
tablet_R6.5_AR2.33_CV0.29.stl,6.5,2.33,0.29,13.0,30.3,8.84,1.3,3.77,7.49
tablet_R6.5_AR2.33_CV0.32.stl,6.5,2.33,0.32,13.0,30.3,9.62,1.3,4.16,7.16
tablet_R6.5_AR2.33_CV0.35.stl,6.5,2.33,0.35,13.0,30.3,10.4,1.3,4.55,6.92
tablet_R6.5_AR2.50_CV0.08.stl,6.5,2.5,0.08,13.0,32.5,3.38,1.3,1.04,20.83
tablet_R6.5_AR2.50_CV0.11.stl,6.5,2.5,0.11,13.0,32.5,4.16,1.3,1.43,15.49
tablet_R6.5_AR2.50_CV0.14.stl,6.5,2.5,0.14,13.0,32.5,4.94,1.3,1.82,12.52
tablet_R6.5_AR2.50_CV0.17.stl,6.5,2.5,0.17,13.0,32.5,5.72,1.3,2.21,10.66
tablet_R6.5_AR2.50_CV0.20.stl,6.5,2.5,0.2,13.0,32.5,6.5,1.3,2.6,9.42
tablet_R6.5_AR2.50_CV0.23.stl,6.5,2.5,0.23,13.0,32.5,7.28,1.3,2.99,8.56
tablet_R6.5_AR2.50_CV0.26.stl,6.5,2.5,0.26,13.0,32.5,8.06,1.3,3.38,7.94
tablet_R6.5_AR2.50_CV0.29.stl,6.5,2.5,0.29,13.0,32.5,8.84,1.3,3.77,7.49
tablet_R6.5_AR2.50_CV0.32.stl,6.5,2.5,0.32,13.0,32.5,9.62,1.3,4.16,7.16
tablet_R6.5_AR2.50_CV0.35.stl,6.5,2.5,0.35,13.0,32.5,10.4,1.3,4.55,6.92
tablet_R7.0_AR1.00_CV0.08.stl,7.0,1.0,0.08,14.0,14.0,3.64,1.4,1.12,22.44
tablet_R7.0_AR1.00_CV0.11.stl,7.0,1.0,0.11,14.0,14.0,4.48,1.4,1.54,16.68
tablet_R7.0_AR1.00_CV0.14.stl,7.0,1.0,0.14,14.0,14.0,5.32,1.4,1.96,13.48
tablet_R7.0_AR1.00_CV0.17.stl,7.0,1.0,0.17,14.0,14.0,6.16,1.4,2.38,11.48
tablet_R7.0_AR1.00_CV0.20.stl,7.0,1.0,0.2,14.0,14.0,7.0,1.4,2.8,10.15
tablet_R7.0_AR1.00_CV0.23.stl,7.0,1.0,0.23,14.0,14.0,7.84,1.4,3.22,9.22
tablet_R7.0_AR1.00_CV0.26.stl,7.0,1.0,0.26,14.0,14.0,8.68,1.4,3.64,8.55
tablet_R7.0_AR1.00_CV0.29.stl,7.0,1.0,0.29,14.0,14.0,9.52,1.4,4.06,8.06
tablet_R7.0_AR1.00_CV0.32.stl,7.0,1.0,0.32,14.0,14.0,10.36,1.4,4.48,7.71
tablet_R7.0_AR1.00_CV0.35.stl,7.0,1.0,0.35,14.0,14.0,11.2,1.4,4.9,7.45
tablet_R7.0_AR1.17_CV0.08.stl,7.0,1.17,0.08,14.0,16.4,3.64,1.4,1.12,22.44
tablet_R7.0_AR1.17_CV0.11.stl,7.0,1.17,0.11,14.0,16.4,4.48,1.4,1.54,16.68
tablet_R7.0_AR1.17_CV0.14.stl,7.0,1.17,0.14,14.0,16.4,5.32,1.4,1.96,13.48
tablet_R7.0_AR1.17_CV0.17.stl,7.0,1.17,0.17,14.0,16.4,6.16,1.4,2.38,11.48
tablet_R7.0_AR1.17_CV0.20.stl,7.0,1.17,0.2,14.0,16.4,7.0,1.4,2.8,10.15
tablet_R7.0_AR1.17_CV0.23.stl,7.0,1.17,0.23,14.0,16.4,7.84,1.4,3.22,9.22
tablet_R7.0_AR1.17_CV0.26.stl,7.0,1.17,0.26,14.0,16.4,8.68,1.4,3.64,8.55
tablet_R7.0_AR1.17_CV0.29.stl,7.0,1.17,0.29,14.0,16.4,9.52,1.4,4.06,8.06
tablet_R7.0_AR1.17_CV0.32.stl,7.0,1.17,0.32,14.0,16.4,10.36,1.4,4.48,7.71
tablet_R7.0_AR1.17_CV0.35.stl,7.0,1.17,0.35,14.0,16.4,11.2,1.4,4.9,7.45
tablet_R7.0_AR1.33_CV0.08.stl,7.0,1.33,0.08,14.0,18.6,3.64,1.4,1.12,22.44
tablet_R7.0_AR1.33_CV0.11.stl,7.0,1.33,0.11,14.0,18.6,4.48,1.4,1.54,16.68
tablet_R7.0_AR1.33_CV0.14.stl,7.0,1.33,0.14,14.0,18.6,5.32,1.4,1.96,13.48
tablet_R7.0_AR1.33_CV0.17.stl,7.0,1.33,0.17,14.0,18.6,6.16,1.4,2.38,11.48
tablet_R7.0_AR1.33_CV0.20.stl,7.0,1.33,0.2,14.0,18.6,7.0,1.4,2.8,10.15
tablet_R7.0_AR1.33_CV0.23.stl,7.0,1.33,0.23,14.0,18.6,7.84,1.4,3.22,9.22
tablet_R7.0_AR1.33_CV0.26.stl,7.0,1.33,0.26,14.0,18.6,8.68,1.4,3.64,8.55
tablet_R7.0_AR1.33_CV0.29.stl,7.0,1.33,0.29,14.0,18.6,9.52,1.4,4.06,8.06
tablet_R7.0_AR1.33_CV0.32.stl,7.0,1.33,0.32,14.0,18.6,10.36,1.4,4.48,7.71
tablet_R7.0_AR1.33_CV0.35.stl,7.0,1.33,0.35,14.0,18.6,11.2,1.4,4.9,7.45
tablet_R7.0_AR1.50_CV0.08.stl,7.0,1.5,0.08,14.0,21.0,3.64,1.4,1.12,22.44
tablet_R7.0_AR1.50_CV0.11.stl,7.0,1.5,0.11,14.0,21.0,4.48,1.4,1.54,16.68
tablet_R7.0_AR1.50_CV0.14.stl,7.0,1.5,0.14,14.0,21.0,5.32,1.4,1.96,13.48
tablet_R7.0_AR1.50_CV0.17.stl,7.0,1.5,0.17,14.0,21.0,6.16,1.4,2.38,11.48
tablet_R7.0_AR1.50_CV0.20.stl,7.0,1.5,0.2,14.0,21.0,7.0,1.4,2.8,10.15
tablet_R7.0_AR1.50_CV0.23.stl,7.0,1.5,0.23,14.0,21.0,7.84,1.4,3.22,9.22
tablet_R7.0_AR1.50_CV0.26.stl,7.0,1.5,0.26,14.0,21.0,8.68,1.4,3.64,8.55
tablet_R7.0_AR1.50_CV0.29.stl,7.0,1.5,0.29,14.0,21.0,9.52,1.4,4.06,8.06
tablet_R7.0_AR1.50_CV0.32.stl,7.0,1.5,0.32,14.0,21.0,10.36,1.4,4.48,7.71
tablet_R7.0_AR1.50_CV0.35.stl,7.0,1.5,0.35,14.0,21.0,11.2,1.4,4.9,7.45
tablet_R7.0_AR1.67_CV0.08.stl,7.0,1.67,0.08,14.0,23.4,3.64,1.4,1.12,22.44
tablet_R7.0_AR1.67_CV0.11.stl,7.0,1.67,0.11,14.0,23.4,4.48,1.4,1.54,16.68
tablet_R7.0_AR1.67_CV0.14.stl,7.0,1.67,0.14,14.0,23.4,5.32,1.4,1.96,13.48
tablet_R7.0_AR1.67_CV0.17.stl,7.0,1.67,0.17,14.0,23.4,6.16,1.4,2.38,11.48
tablet_R7.0_AR1.67_CV0.20.stl,7.0,1.67,0.2,14.0,23.4,7.0,1.4,2.8,10.15
tablet_R7.0_AR1.67_CV0.23.stl,7.0,1.67,0.23,14.0,23.4,7.84,1.4,3.22,9.22
tablet_R7.0_AR1.67_CV0.26.stl,7.0,1.67,0.26,14.0,23.4,8.68,1.4,3.64,8.55
tablet_R7.0_AR1.67_CV0.29.stl,7.0,1.67,0.29,14.0,23.4,9.52,1.4,4.06,8.06
tablet_R7.0_AR1.67_CV0.32.stl,7.0,1.67,0.32,14.0,23.4,10.36,1.4,4.48,7.71
tablet_R7.0_AR1.67_CV0.35.stl,7.0,1.67,0.35,14.0,23.4,11.2,1.4,4.9,7.45
tablet_R7.0_AR1.83_CV0.08.stl,7.0,1.83,0.08,14.0,25.6,3.64,1.4,1.12,22.44
tablet_R7.0_AR1.83_CV0.11.stl,7.0,1.83,0.11,14.0,25.6,4.48,1.4,1.54,16.68
tablet_R7.0_AR1.83_CV0.14.stl,7.0,1.83,0.14,14.0,25.6,5.32,1.4,1.96,13.48
tablet_R7.0_AR1.83_CV0.17.stl,7.0,1.83,0.17,14.0,25.6,6.16,1.4,2.38,11.48
tablet_R7.0_AR1.83_CV0.20.stl,7.0,1.83,0.2,14.0,25.6,7.0,1.4,2.8,10.15
tablet_R7.0_AR1.83_CV0.23.stl,7.0,1.83,0.23,14.0,25.6,7.84,1.4,3.22,9.22
tablet_R7.0_AR1.83_CV0.26.stl,7.0,1.83,0.26,14.0,25.6,8.68,1.4,3.64,8.55
tablet_R7.0_AR1.83_CV0.29.stl,7.0,1.83,0.29,14.0,25.6,9.52,1.4,4.06,8.06
tablet_R7.0_AR1.83_CV0.32.stl,7.0,1.83,0.32,14.0,25.6,10.36,1.4,4.48,7.71
tablet_R7.0_AR1.83_CV0.35.stl,7.0,1.83,0.35,14.0,25.6,11.2,1.4,4.9,7.45
tablet_R7.0_AR2.00_CV0.08.stl,7.0,2.0,0.08,14.0,28.0,3.64,1.4,1.12,22.44
tablet_R7.0_AR2.00_CV0.11.stl,7.0,2.0,0.11,14.0,28.0,4.48,1.4,1.54,16.68
tablet_R7.0_AR2.00_CV0.14.stl,7.0,2.0,0.14,14.0,28.0,5.32,1.4,1.96,13.48
tablet_R7.0_AR2.00_CV0.17.stl,7.0,2.0,0.17,14.0,28.0,6.16,1.4,2.38,11.48
tablet_R7.0_AR2.00_CV0.20.stl,7.0,2.0,0.2,14.0,28.0,7.0,1.4,2.8,10.15
tablet_R7.0_AR2.00_CV0.23.stl,7.0,2.0,0.23,14.0,28.0,7.84,1.4,3.22,9.22
tablet_R7.0_AR2.00_CV0.26.stl,7.0,2.0,0.26,14.0,28.0,8.68,1.4,3.64,8.55
tablet_R7.0_AR2.00_CV0.29.stl,7.0,2.0,0.29,14.0,28.0,9.52,1.4,4.06,8.06
tablet_R7.0_AR2.00_CV0.32.stl,7.0,2.0,0.32,14.0,28.0,10.36,1.4,4.48,7.71
tablet_R7.0_AR2.00_CV0.35.stl,7.0,2.0,0.35,14.0,28.0,11.2,1.4,4.9,7.45
tablet_R7.0_AR2.17_CV0.08.stl,7.0,2.17,0.08,14.0,30.4,3.64,1.4,1.12,22.44
tablet_R7.0_AR2.17_CV0.11.stl,7.0,2.17,0.11,14.0,30.4,4.48,1.4,1.54,16.68
tablet_R7.0_AR2.17_CV0.14.stl,7.0,2.17,0.14,14.0,30.4,5.32,1.4,1.96,13.48
tablet_R7.0_AR2.17_CV0.17.stl,7.0,2.17,0.17,14.0,30.4,6.16,1.4,2.38,11.48
tablet_R7.0_AR2.17_CV0.20.stl,7.0,2.17,0.2,14.0,30.4,7.0,1.4,2.8,10.15
tablet_R7.0_AR2.17_CV0.23.stl,7.0,2.17,0.23,14.0,30.4,7.84,1.4,3.22,9.22
tablet_R7.0_AR2.17_CV0.26.stl,7.0,2.17,0.26,14.0,30.4,8.68,1.4,3.64,8.55
tablet_R7.0_AR2.17_CV0.29.stl,7.0,2.17,0.29,14.0,30.4,9.52,1.4,4.06,8.06
tablet_R7.0_AR2.17_CV0.32.stl,7.0,2.17,0.32,14.0,30.4,10.36,1.4,4.48,7.71
tablet_R7.0_AR2.17_CV0.35.stl,7.0,2.17,0.35,14.0,30.4,11.2,1.4,4.9,7.45
tablet_R7.0_AR2.33_CV0.08.stl,7.0,2.33,0.08,14.0,32.6,3.64,1.4,1.12,22.44
tablet_R7.0_AR2.33_CV0.11.stl,7.0,2.33,0.11,14.0,32.6,4.48,1.4,1.54,16.68
tablet_R7.0_AR2.33_CV0.14.stl,7.0,2.33,0.14,14.0,32.6,5.32,1.4,1.96,13.48
tablet_R7.0_AR2.33_CV0.17.stl,7.0,2.33,0.17,14.0,32.6,6.16,1.4,2.38,11.48
tablet_R7.0_AR2.33_CV0.20.stl,7.0,2.33,0.2,14.0,32.6,7.0,1.4,2.8,10.15
tablet_R7.0_AR2.33_CV0.23.stl,7.0,2.33,0.23,14.0,32.6,7.84,1.4,3.22,9.22
tablet_R7.0_AR2.33_CV0.26.stl,7.0,2.33,0.26,14.0,32.6,8.68,1.4,3.64,8.55
tablet_R7.0_AR2.33_CV0.29.stl,7.0,2.33,0.29,14.0,32.6,9.52,1.4,4.06,8.06
tablet_R7.0_AR2.33_CV0.32.stl,7.0,2.33,0.32,14.0,32.6,10.36,1.4,4.48,7.71
tablet_R7.0_AR2.33_CV0.35.stl,7.0,2.33,0.35,14.0,32.6,11.2,1.4,4.9,7.45
tablet_R7.0_AR2.50_CV0.08.stl,7.0,2.5,0.08,14.0,35.0,3.64,1.4,1.12,22.44
tablet_R7.0_AR2.50_CV0.11.stl,7.0,2.5,0.11,14.0,35.0,4.48,1.4,1.54,16.68
tablet_R7.0_AR2.50_CV0.14.stl,7.0,2.5,0.14,14.0,35.0,5.32,1.4,1.96,13.48
tablet_R7.0_AR2.50_CV0.17.stl,7.0,2.5,0.17,14.0,35.0,6.16,1.4,2.38,11.48
tablet_R7.0_AR2.50_CV0.20.stl,7.0,2.5,0.2,14.0,35.0,7.0,1.4,2.8,10.15
tablet_R7.0_AR2.50_CV0.23.stl,7.0,2.5,0.23,14.0,35.0,7.84,1.4,3.22,9.22
tablet_R7.0_AR2.50_CV0.26.stl,7.0,2.5,0.26,14.0,35.0,8.68,1.4,3.64,8.55
tablet_R7.0_AR2.50_CV0.29.stl,7.0,2.5,0.29,14.0,35.0,9.52,1.4,4.06,8.06
tablet_R7.0_AR2.50_CV0.32.stl,7.0,2.5,0.32,14.0,35.0,10.36,1.4,4.48,7.71
tablet_R7.0_AR2.50_CV0.35.stl,7.0,2.5,0.35,14.0,35.0,11.2,1.4,4.9,7.45
tablet_R7.5_AR1.00_CV0.08.stl,7.5,1.0,0.08,15.0,15.0,3.9,1.5,1.2,24.04
tablet_R7.5_AR1.00_CV0.11.stl,7.5,1.0,0.11,15.0,15.0,4.8,1.5,1.65,17.87
tablet_R7.5_AR1.00_CV0.14.stl,7.5,1.0,0.14,15.0,15.0,5.7,1.5,2.1,14.44
tablet_R7.5_AR1.00_CV0.17.stl,7.5,1.0,0.17,15.0,15.0,6.6,1.5,2.55,12.3
tablet_R7.5_AR1.00_CV0.20.stl,7.5,1.0,0.2,15.0,15.0,7.5,1.5,3.0,10.87
tablet_R7.5_AR1.00_CV0.23.stl,7.5,1.0,0.23,15.0,15.0,8.4,1.5,3.45,9.88
tablet_R7.5_AR1.00_CV0.26.stl,7.5,1.0,0.26,15.0,15.0,9.3,1.5,3.9,9.16
tablet_R7.5_AR1.00_CV0.29.stl,7.5,1.0,0.29,15.0,15.0,10.2,1.5,4.35,8.64
tablet_R7.5_AR1.00_CV0.32.stl,7.5,1.0,0.32,15.0,15.0,11.1,1.5,4.8,8.26
tablet_R7.5_AR1.00_CV0.35.stl,7.5,1.0,0.35,15.0,15.0,12.0,1.5,5.25,7.98
tablet_R7.5_AR1.17_CV0.08.stl,7.5,1.17,0.08,15.0,17.5,3.9,1.5,1.2,24.04
tablet_R7.5_AR1.17_CV0.11.stl,7.5,1.17,0.11,15.0,17.5,4.8,1.5,1.65,17.87
tablet_R7.5_AR1.17_CV0.14.stl,7.5,1.17,0.14,15.0,17.5,5.7,1.5,2.1,14.44
tablet_R7.5_AR1.17_CV0.17.stl,7.5,1.17,0.17,15.0,17.5,6.6,1.5,2.55,12.3
tablet_R7.5_AR1.17_CV0.20.stl,7.5,1.17,0.2,15.0,17.5,7.5,1.5,3.0,10.87
tablet_R7.5_AR1.17_CV0.23.stl,7.5,1.17,0.23,15.0,17.5,8.4,1.5,3.45,9.88
tablet_R7.5_AR1.17_CV0.26.stl,7.5,1.17,0.26,15.0,17.5,9.3,1.5,3.9,9.16
tablet_R7.5_AR1.17_CV0.29.stl,7.5,1.17,0.29,15.0,17.5,10.2,1.5,4.35,8.64
tablet_R7.5_AR1.17_CV0.32.stl,7.5,1.17,0.32,15.0,17.5,11.1,1.5,4.8,8.26
tablet_R7.5_AR1.17_CV0.35.stl,7.5,1.17,0.35,15.0,17.5,12.0,1.5,5.25,7.98
tablet_R7.5_AR1.33_CV0.08.stl,7.5,1.33,0.08,15.0,20.0,3.9,1.5,1.2,24.04
tablet_R7.5_AR1.33_CV0.11.stl,7.5,1.33,0.11,15.0,20.0,4.8,1.5,1.65,17.87
tablet_R7.5_AR1.33_CV0.14.stl,7.5,1.33,0.14,15.0,20.0,5.7,1.5,2.1,14.44
tablet_R7.5_AR1.33_CV0.17.stl,7.5,1.33,0.17,15.0,20.0,6.6,1.5,2.55,12.3
tablet_R7.5_AR1.33_CV0.20.stl,7.5,1.33,0.2,15.0,20.0,7.5,1.5,3.0,10.87
tablet_R7.5_AR1.33_CV0.23.stl,7.5,1.33,0.23,15.0,20.0,8.4,1.5,3.45,9.88
tablet_R7.5_AR1.33_CV0.26.stl,7.5,1.33,0.26,15.0,20.0,9.3,1.5,3.9,9.16
tablet_R7.5_AR1.33_CV0.29.stl,7.5,1.33,0.29,15.0,20.0,10.2,1.5,4.35,8.64
tablet_R7.5_AR1.33_CV0.32.stl,7.5,1.33,0.32,15.0,20.0,11.1,1.5,4.8,8.26
tablet_R7.5_AR1.33_CV0.35.stl,7.5,1.33,0.35,15.0,20.0,12.0,1.5,5.25,7.98
tablet_R7.5_AR1.50_CV0.08.stl,7.5,1.5,0.08,15.0,22.5,3.9,1.5,1.2,24.04
tablet_R7.5_AR1.50_CV0.11.stl,7.5,1.5,0.11,15.0,22.5,4.8,1.5,1.65,17.87
tablet_R7.5_AR1.50_CV0.14.stl,7.5,1.5,0.14,15.0,22.5,5.7,1.5,2.1,14.44
tablet_R7.5_AR1.50_CV0.17.stl,7.5,1.5,0.17,15.0,22.5,6.6,1.5,2.55,12.3
tablet_R7.5_AR1.50_CV0.20.stl,7.5,1.5,0.2,15.0,22.5,7.5,1.5,3.0,10.87
tablet_R7.5_AR1.50_CV0.23.stl,7.5,1.5,0.23,15.0,22.5,8.4,1.5,3.45,9.88
tablet_R7.5_AR1.50_CV0.26.stl,7.5,1.5,0.26,15.0,22.5,9.3,1.5,3.9,9.16
tablet_R7.5_AR1.50_CV0.29.stl,7.5,1.5,0.29,15.0,22.5,10.2,1.5,4.35,8.64
tablet_R7.5_AR1.50_CV0.32.stl,7.5,1.5,0.32,15.0,22.5,11.1,1.5,4.8,8.26
tablet_R7.5_AR1.50_CV0.35.stl,7.5,1.5,0.35,15.0,22.5,12.0,1.5,5.25,7.98
tablet_R7.5_AR1.67_CV0.08.stl,7.5,1.67,0.08,15.0,25.0,3.9,1.5,1.2,24.04
tablet_R7.5_AR1.67_CV0.11.stl,7.5,1.67,0.11,15.0,25.0,4.8,1.5,1.65,17.87
tablet_R7.5_AR1.67_CV0.14.stl,7.5,1.67,0.14,15.0,25.0,5.7,1.5,2.1,14.44
tablet_R7.5_AR1.67_CV0.17.stl,7.5,1.67,0.17,15.0,25.0,6.6,1.5,2.55,12.3
tablet_R7.5_AR1.67_CV0.20.stl,7.5,1.67,0.2,15.0,25.0,7.5,1.5,3.0,10.87
tablet_R7.5_AR1.67_CV0.23.stl,7.5,1.67,0.23,15.0,25.0,8.4,1.5,3.45,9.88
tablet_R7.5_AR1.67_CV0.26.stl,7.5,1.67,0.26,15.0,25.0,9.3,1.5,3.9,9.16
tablet_R7.5_AR1.67_CV0.29.stl,7.5,1.67,0.29,15.0,25.0,10.2,1.5,4.35,8.64
tablet_R7.5_AR1.67_CV0.32.stl,7.5,1.67,0.32,15.0,25.0,11.1,1.5,4.8,8.26
tablet_R7.5_AR1.67_CV0.35.stl,7.5,1.67,0.35,15.0,25.0,12.0,1.5,5.25,7.98
tablet_R7.5_AR1.83_CV0.08.stl,7.5,1.83,0.08,15.0,27.5,3.9,1.5,1.2,24.04
tablet_R7.5_AR1.83_CV0.11.stl,7.5,1.83,0.11,15.0,27.5,4.8,1.5,1.65,17.87
tablet_R7.5_AR1.83_CV0.14.stl,7.5,1.83,0.14,15.0,27.5,5.7,1.5,2.1,14.44
tablet_R7.5_AR1.83_CV0.17.stl,7.5,1.83,0.17,15.0,27.5,6.6,1.5,2.55,12.3
tablet_R7.5_AR1.83_CV0.20.stl,7.5,1.83,0.2,15.0,27.5,7.5,1.5,3.0,10.87
tablet_R7.5_AR1.83_CV0.23.stl,7.5,1.83,0.23,15.0,27.5,8.4,1.5,3.45,9.88
tablet_R7.5_AR1.83_CV0.26.stl,7.5,1.83,0.26,15.0,27.5,9.3,1.5,3.9,9.16
tablet_R7.5_AR1.83_CV0.29.stl,7.5,1.83,0.29,15.0,27.5,10.2,1.5,4.35,8.64
tablet_R7.5_AR1.83_CV0.32.stl,7.5,1.83,0.32,15.0,27.5,11.1,1.5,4.8,8.26
tablet_R7.5_AR1.83_CV0.35.stl,7.5,1.83,0.35,15.0,27.5,12.0,1.5,5.25,7.98
tablet_R7.5_AR2.00_CV0.08.stl,7.5,2.0,0.08,15.0,30.0,3.9,1.5,1.2,24.04
tablet_R7.5_AR2.00_CV0.11.stl,7.5,2.0,0.11,15.0,30.0,4.8,1.5,1.65,17.87
tablet_R7.5_AR2.00_CV0.14.stl,7.5,2.0,0.14,15.0,30.0,5.7,1.5,2.1,14.44
tablet_R7.5_AR2.00_CV0.17.stl,7.5,2.0,0.17,15.0,30.0,6.6,1.5,2.55,12.3
tablet_R7.5_AR2.00_CV0.20.stl,7.5,2.0,0.2,15.0,30.0,7.5,1.5,3.0,10.87
tablet_R7.5_AR2.00_CV0.23.stl,7.5,2.0,0.23,15.0,30.0,8.4,1.5,3.45,9.88
tablet_R7.5_AR2.00_CV0.26.stl,7.5,2.0,0.26,15.0,30.0,9.3,1.5,3.9,9.16
tablet_R7.5_AR2.00_CV0.29.stl,7.5,2.0,0.29,15.0,30.0,10.2,1.5,4.35,8.64
tablet_R7.5_AR2.00_CV0.32.stl,7.5,2.0,0.32,15.0,30.0,11.1,1.5,4.8,8.26
tablet_R7.5_AR2.00_CV0.35.stl,7.5,2.0,0.35,15.0,30.0,12.0,1.5,5.25,7.98
tablet_R7.5_AR2.17_CV0.08.stl,7.5,2.17,0.08,15.0,32.5,3.9,1.5,1.2,24.04
tablet_R7.5_AR2.17_CV0.11.stl,7.5,2.17,0.11,15.0,32.5,4.8,1.5,1.65,17.87
tablet_R7.5_AR2.17_CV0.14.stl,7.5,2.17,0.14,15.0,32.5,5.7,1.5,2.1,14.44
tablet_R7.5_AR2.17_CV0.17.stl,7.5,2.17,0.17,15.0,32.5,6.6,1.5,2.55,12.3
tablet_R7.5_AR2.17_CV0.20.stl,7.5,2.17,0.2,15.0,32.5,7.5,1.5,3.0,10.87
tablet_R7.5_AR2.17_CV0.23.stl,7.5,2.17,0.23,15.0,32.5,8.4,1.5,3.45,9.88
tablet_R7.5_AR2.17_CV0.26.stl,7.5,2.17,0.26,15.0,32.5,9.3,1.5,3.9,9.16
tablet_R7.5_AR2.17_CV0.29.stl,7.5,2.17,0.29,15.0,32.5,10.2,1.5,4.35,8.64
tablet_R7.5_AR2.17_CV0.32.stl,7.5,2.17,0.32,15.0,32.5,11.1,1.5,4.8,8.26
tablet_R7.5_AR2.17_CV0.35.stl,7.5,2.17,0.35,15.0,32.5,12.0,1.5,5.25,7.98
tablet_R7.5_AR2.33_CV0.08.stl,7.5,2.33,0.08,15.0,35.0,3.9,1.5,1.2,24.04
tablet_R7.5_AR2.33_CV0.11.stl,7.5,2.33,0.11,15.0,35.0,4.8,1.5,1.65,17.87
tablet_R7.5_AR2.33_CV0.14.stl,7.5,2.33,0.14,15.0,35.0,5.7,1.5,2.1,14.44
tablet_R7.5_AR2.33_CV0.17.stl,7.5,2.33,0.17,15.0,35.0,6.6,1.5,2.55,12.3
tablet_R7.5_AR2.33_CV0.20.stl,7.5,2.33,0.2,15.0,35.0,7.5,1.5,3.0,10.87
tablet_R7.5_AR2.33_CV0.23.stl,7.5,2.33,0.23,15.0,35.0,8.4,1.5,3.45,9.88
tablet_R7.5_AR2.33_CV0.26.stl,7.5,2.33,0.26,15.0,35.0,9.3,1.5,3.9,9.16
tablet_R7.5_AR2.33_CV0.29.stl,7.5,2.33,0.29,15.0,35.0,10.2,1.5,4.35,8.64
tablet_R7.5_AR2.33_CV0.32.stl,7.5,2.33,0.32,15.0,35.0,11.1,1.5,4.8,8.26
tablet_R7.5_AR2.33_CV0.35.stl,7.5,2.33,0.35,15.0,35.0,12.0,1.5,5.25,7.98
tablet_R7.5_AR2.50_CV0.08.stl,7.5,2.5,0.08,15.0,37.5,3.9,1.5,1.2,24.04
tablet_R7.5_AR2.50_CV0.11.stl,7.5,2.5,0.11,15.0,37.5,4.8,1.5,1.65,17.87
tablet_R7.5_AR2.50_CV0.14.stl,7.5,2.5,0.14,15.0,37.5,5.7,1.5,2.1,14.44
tablet_R7.5_AR2.50_CV0.17.stl,7.5,2.5,0.17,15.0,37.5,6.6,1.5,2.55,12.3
tablet_R7.5_AR2.50_CV0.20.stl,7.5,2.5,0.2,15.0,37.5,7.5,1.5,3.0,10.87
tablet_R7.5_AR2.50_CV0.23.stl,7.5,2.5,0.23,15.0,37.5,8.4,1.5,3.45,9.88
tablet_R7.5_AR2.50_CV0.26.stl,7.5,2.5,0.26,15.0,37.5,9.3,1.5,3.9,9.16
tablet_R7.5_AR2.50_CV0.29.stl,7.5,2.5,0.29,15.0,37.5,10.2,1.5,4.35,8.64
tablet_R7.5_AR2.50_CV0.32.stl,7.5,2.5,0.32,15.0,37.5,11.1,1.5,4.8,8.26
tablet_R7.5_AR2.50_CV0.35.stl,7.5,2.5,0.35,15.0,37.5,12.0,1.5,5.25,7.98
tablet_R8.0_AR1.00_CV0.08.stl,8.0,1.0,0.08,16.0,16.0,4.16,1.6,1.28,25.64
tablet_R8.0_AR1.00_CV0.11.stl,8.0,1.0,0.11,16.0,16.0,5.12,1.6,1.76,19.06
tablet_R8.0_AR1.00_CV0.14.stl,8.0,1.0,0.14,16.0,16.0,6.08,1.6,2.24,15.41
tablet_R8.0_AR1.00_CV0.17.stl,8.0,1.0,0.17,16.0,16.0,7.04,1.6,2.72,13.12
tablet_R8.0_AR1.00_CV0.20.stl,8.0,1.0,0.2,16.0,16.0,8.0,1.6,3.2,11.6
tablet_R8.0_AR1.00_CV0.23.stl,8.0,1.0,0.23,16.0,16.0,8.96,1.6,3.68,10.54
tablet_R8.0_AR1.00_CV0.26.stl,8.0,1.0,0.26,16.0,16.0,9.92,1.6,4.16,9.77
tablet_R8.0_AR1.00_CV0.29.stl,8.0,1.0,0.29,16.0,16.0,10.88,1.6,4.64,9.22
tablet_R8.0_AR1.00_CV0.32.stl,8.0,1.0,0.32,16.0,16.0,11.84,1.6,5.12,8.81
tablet_R8.0_AR1.00_CV0.35.stl,8.0,1.0,0.35,16.0,16.0,12.8,1.6,5.6,8.51
tablet_R8.0_AR1.17_CV0.08.stl,8.0,1.17,0.08,16.0,18.7,4.16,1.6,1.28,25.64
tablet_R8.0_AR1.17_CV0.11.stl,8.0,1.17,0.11,16.0,18.7,5.12,1.6,1.76,19.06
tablet_R8.0_AR1.17_CV0.14.stl,8.0,1.17,0.14,16.0,18.7,6.08,1.6,2.24,15.41
tablet_R8.0_AR1.17_CV0.17.stl,8.0,1.17,0.17,16.0,18.7,7.04,1.6,2.72,13.12
tablet_R8.0_AR1.17_CV0.20.stl,8.0,1.17,0.2,16.0,18.7,8.0,1.6,3.2,11.6
tablet_R8.0_AR1.17_CV0.23.stl,8.0,1.17,0.23,16.0,18.7,8.96,1.6,3.68,10.54
tablet_R8.0_AR1.17_CV0.26.stl,8.0,1.17,0.26,16.0,18.7,9.92,1.6,4.16,9.77
tablet_R8.0_AR1.17_CV0.29.stl,8.0,1.17,0.29,16.0,18.7,10.88,1.6,4.64,9.22
tablet_R8.0_AR1.17_CV0.32.stl,8.0,1.17,0.32,16.0,18.7,11.84,1.6,5.12,8.81
tablet_R8.0_AR1.17_CV0.35.stl,8.0,1.17,0.35,16.0,18.7,12.8,1.6,5.6,8.51
tablet_R8.0_AR1.33_CV0.08.stl,8.0,1.33,0.08,16.0,21.3,4.16,1.6,1.28,25.64
tablet_R8.0_AR1.33_CV0.11.stl,8.0,1.33,0.11,16.0,21.3,5.12,1.6,1.76,19.06
tablet_R8.0_AR1.33_CV0.14.stl,8.0,1.33,0.14,16.0,21.3,6.08,1.6,2.24,15.41
tablet_R8.0_AR1.33_CV0.17.stl,8.0,1.33,0.17,16.0,21.3,7.04,1.6,2.72,13.12
tablet_R8.0_AR1.33_CV0.20.stl,8.0,1.33,0.2,16.0,21.3,8.0,1.6,3.2,11.6
tablet_R8.0_AR1.33_CV0.23.stl,8.0,1.33,0.23,16.0,21.3,8.96,1.6,3.68,10.54
tablet_R8.0_AR1.33_CV0.26.stl,8.0,1.33,0.26,16.0,21.3,9.92,1.6,4.16,9.77
tablet_R8.0_AR1.33_CV0.29.stl,8.0,1.33,0.29,16.0,21.3,10.88,1.6,4.64,9.22
tablet_R8.0_AR1.33_CV0.32.stl,8.0,1.33,0.32,16.0,21.3,11.84,1.6,5.12,8.81
tablet_R8.0_AR1.33_CV0.35.stl,8.0,1.33,0.35,16.0,21.3,12.8,1.6,5.6,8.51
tablet_R8.0_AR1.50_CV0.08.stl,8.0,1.5,0.08,16.0,24.0,4.16,1.6,1.28,25.64
tablet_R8.0_AR1.50_CV0.11.stl,8.0,1.5,0.11,16.0,24.0,5.12,1.6,1.76,19.06
tablet_R8.0_AR1.50_CV0.14.stl,8.0,1.5,0.14,16.0,24.0,6.08,1.6,2.24,15.41
tablet_R8.0_AR1.50_CV0.17.stl,8.0,1.5,0.17,16.0,24.0,7.04,1.6,2.72,13.12
tablet_R8.0_AR1.50_CV0.20.stl,8.0,1.5,0.2,16.0,24.0,8.0,1.6,3.2,11.6
tablet_R8.0_AR1.50_CV0.23.stl,8.0,1.5,0.23,16.0,24.0,8.96,1.6,3.68,10.54
tablet_R8.0_AR1.50_CV0.26.stl,8.0,1.5,0.26,16.0,24.0,9.92,1.6,4.16,9.77
tablet_R8.0_AR1.50_CV0.29.stl,8.0,1.5,0.29,16.0,24.0,10.88,1.6,4.64,9.22
tablet_R8.0_AR1.50_CV0.32.stl,8.0,1.5,0.32,16.0,24.0,11.84,1.6,5.12,8.81
tablet_R8.0_AR1.50_CV0.35.stl,8.0,1.5,0.35,16.0,24.0,12.8,1.6,5.6,8.51
tablet_R8.0_AR1.67_CV0.08.stl,8.0,1.67,0.08,16.0,26.7,4.16,1.6,1.28,25.64
tablet_R8.0_AR1.67_CV0.11.stl,8.0,1.67,0.11,16.0,26.7,5.12,1.6,1.76,19.06
tablet_R8.0_AR1.67_CV0.14.stl,8.0,1.67,0.14,16.0,26.7,6.08,1.6,2.24,15.41
tablet_R8.0_AR1.67_CV0.17.stl,8.0,1.67,0.17,16.0,26.7,7.04,1.6,2.72,13.12
tablet_R8.0_AR1.67_CV0.20.stl,8.0,1.67,0.2,16.0,26.7,8.0,1.6,3.2,11.6
tablet_R8.0_AR1.67_CV0.23.stl,8.0,1.67,0.23,16.0,26.7,8.96,1.6,3.68,10.54
tablet_R8.0_AR1.67_CV0.26.stl,8.0,1.67,0.26,16.0,26.7,9.92,1.6,4.16,9.77
tablet_R8.0_AR1.67_CV0.29.stl,8.0,1.67,0.29,16.0,26.7,10.88,1.6,4.64,9.22
tablet_R8.0_AR1.67_CV0.32.stl,8.0,1.67,0.32,16.0,26.7,11.84,1.6,5.12,8.81
tablet_R8.0_AR1.67_CV0.35.stl,8.0,1.67,0.35,16.0,26.7,12.8,1.6,5.6,8.51
tablet_R8.0_AR1.83_CV0.08.stl,8.0,1.83,0.08,16.0,29.3,4.16,1.6,1.28,25.64
tablet_R8.0_AR1.83_CV0.11.stl,8.0,1.83,0.11,16.0,29.3,5.12,1.6,1.76,19.06
tablet_R8.0_AR1.83_CV0.14.stl,8.0,1.83,0.14,16.0,29.3,6.08,1.6,2.24,15.41
tablet_R8.0_AR1.83_CV0.17.stl,8.0,1.83,0.17,16.0,29.3,7.04,1.6,2.72,13.12
tablet_R8.0_AR1.83_CV0.20.stl,8.0,1.83,0.2,16.0,29.3,8.0,1.6,3.2,11.6
tablet_R8.0_AR1.83_CV0.23.stl,8.0,1.83,0.23,16.0,29.3,8.96,1.6,3.68,10.54
tablet_R8.0_AR1.83_CV0.26.stl,8.0,1.83,0.26,16.0,29.3,9.92,1.6,4.16,9.77
tablet_R8.0_AR1.83_CV0.29.stl,8.0,1.83,0.29,16.0,29.3,10.88,1.6,4.64,9.22
tablet_R8.0_AR1.83_CV0.32.stl,8.0,1.83,0.32,16.0,29.3,11.84,1.6,5.12,8.81
tablet_R8.0_AR1.83_CV0.35.stl,8.0,1.83,0.35,16.0,29.3,12.8,1.6,5.6,8.51
tablet_R8.0_AR2.00_CV0.08.stl,8.0,2.0,0.08,16.0,32.0,4.16,1.6,1.28,25.64
tablet_R8.0_AR2.00_CV0.11.stl,8.0,2.0,0.11,16.0,32.0,5.12,1.6,1.76,19.06
tablet_R8.0_AR2.00_CV0.14.stl,8.0,2.0,0.14,16.0,32.0,6.08,1.6,2.24,15.41
tablet_R8.0_AR2.00_CV0.17.stl,8.0,2.0,0.17,16.0,32.0,7.04,1.6,2.72,13.12
tablet_R8.0_AR2.00_CV0.20.stl,8.0,2.0,0.2,16.0,32.0,8.0,1.6,3.2,11.6
tablet_R8.0_AR2.00_CV0.23.stl,8.0,2.0,0.23,16.0,32.0,8.96,1.6,3.68,10.54
tablet_R8.0_AR2.00_CV0.26.stl,8.0,2.0,0.26,16.0,32.0,9.92,1.6,4.16,9.77
tablet_R8.0_AR2.00_CV0.29.stl,8.0,2.0,0.29,16.0,32.0,10.88,1.6,4.64,9.22
tablet_R8.0_AR2.00_CV0.32.stl,8.0,2.0,0.32,16.0,32.0,11.84,1.6,5.12,8.81
tablet_R8.0_AR2.00_CV0.35.stl,8.0,2.0,0.35,16.0,32.0,12.8,1.6,5.6,8.51
tablet_R8.0_AR2.17_CV0.08.stl,8.0,2.17,0.08,16.0,34.7,4.16,1.6,1.28,25.64
tablet_R8.0_AR2.17_CV0.11.stl,8.0,2.17,0.11,16.0,34.7,5.12,1.6,1.76,19.06
tablet_R8.0_AR2.17_CV0.14.stl,8.0,2.17,0.14,16.0,34.7,6.08,1.6,2.24,15.41
tablet_R8.0_AR2.17_CV0.17.stl,8.0,2.17,0.17,16.0,34.7,7.04,1.6,2.72,13.12
tablet_R8.0_AR2.17_CV0.20.stl,8.0,2.17,0.2,16.0,34.7,8.0,1.6,3.2,11.6
tablet_R8.0_AR2.17_CV0.23.stl,8.0,2.17,0.23,16.0,34.7,8.96,1.6,3.68,10.54
tablet_R8.0_AR2.17_CV0.26.stl,8.0,2.17,0.26,16.0,34.7,9.92,1.6,4.16,9.77
tablet_R8.0_AR2.17_CV0.29.stl,8.0,2.17,0.29,16.0,34.7,10.88,1.6,4.64,9.22
tablet_R8.0_AR2.17_CV0.32.stl,8.0,2.17,0.32,16.0,34.7,11.84,1.6,5.12,8.81
tablet_R8.0_AR2.17_CV0.35.stl,8.0,2.17,0.35,16.0,34.7,12.8,1.6,5.6,8.51
tablet_R8.0_AR2.33_CV0.08.stl,8.0,2.33,0.08,16.0,37.3,4.16,1.6,1.28,25.64
tablet_R8.0_AR2.33_CV0.11.stl,8.0,2.33,0.11,16.0,37.3,5.12,1.6,1.76,19.06
tablet_R8.0_AR2.33_CV0.14.stl,8.0,2.33,0.14,16.0,37.3,6.08,1.6,2.24,15.41
tablet_R8.0_AR2.33_CV0.17.stl,8.0,2.33,0.17,16.0,37.3,7.04,1.6,2.72,13.12
tablet_R8.0_AR2.33_CV0.20.stl,8.0,2.33,0.2,16.0,37.3,8.0,1.6,3.2,11.6
tablet_R8.0_AR2.33_CV0.23.stl,8.0,2.33,0.23,16.0,37.3,8.96,1.6,3.68,10.54
tablet_R8.0_AR2.33_CV0.26.stl,8.0,2.33,0.26,16.0,37.3,9.92,1.6,4.16,9.77
tablet_R8.0_AR2.33_CV0.29.stl,8.0,2.33,0.29,16.0,37.3,10.88,1.6,4.64,9.22
tablet_R8.0_AR2.33_CV0.32.stl,8.0,2.33,0.32,16.0,37.3,11.84,1.6,5.12,8.81
tablet_R8.0_AR2.33_CV0.35.stl,8.0,2.33,0.35,16.0,37.3,12.8,1.6,5.6,8.51
tablet_R8.0_AR2.50_CV0.08.stl,8.0,2.5,0.08,16.0,40.0,4.16,1.6,1.28,25.64
tablet_R8.0_AR2.50_CV0.11.stl,8.0,2.5,0.11,16.0,40.0,5.12,1.6,1.76,19.06
tablet_R8.0_AR2.50_CV0.14.stl,8.0,2.5,0.14,16.0,40.0,6.08,1.6,2.24,15.41
tablet_R8.0_AR2.50_CV0.17.stl,8.0,2.5,0.17,16.0,40.0,7.04,1.6,2.72,13.12
tablet_R8.0_AR2.50_CV0.20.stl,8.0,2.5,0.2,16.0,40.0,8.0,1.6,3.2,11.6
tablet_R8.0_AR2.50_CV0.23.stl,8.0,2.5,0.23,16.0,40.0,8.96,1.6,3.68,10.54
tablet_R8.0_AR2.50_CV0.26.stl,8.0,2.5,0.26,16.0,40.0,9.92,1.6,4.16,9.77
tablet_R8.0_AR2.50_CV0.29.stl,8.0,2.5,0.29,16.0,40.0,10.88,1.6,4.64,9.22
tablet_R8.0_AR2.50_CV0.32.stl,8.0,2.5,0.32,16.0,40.0,11.84,1.6,5.12,8.81
tablet_R8.0_AR2.50_CV0.35.stl,8.0,2.5,0.35,16.0,40.0,12.8,1.6,5.6,8.51
tablet_R8.5_AR1.00_CV0.08.stl,8.5,1.0,0.08,17.0,17.0,4.42,1.7,1.36,27.24
tablet_R8.5_AR1.00_CV0.11.stl,8.5,1.0,0.11,17.0,17.0,5.44,1.7,1.87,20.25
tablet_R8.5_AR1.00_CV0.14.stl,8.5,1.0,0.14,17.0,17.0,6.46,1.7,2.38,16.37
tablet_R8.5_AR1.00_CV0.17.stl,8.5,1.0,0.17,17.0,17.0,7.48,1.7,2.89,13.94
tablet_R8.5_AR1.00_CV0.20.stl,8.5,1.0,0.2,17.0,17.0,8.5,1.7,3.4,12.32
tablet_R8.5_AR1.00_CV0.23.stl,8.5,1.0,0.23,17.0,17.0,9.52,1.7,3.91,11.19
tablet_R8.5_AR1.00_CV0.26.stl,8.5,1.0,0.26,17.0,17.0,10.54,1.7,4.42,10.38
tablet_R8.5_AR1.00_CV0.29.stl,8.5,1.0,0.29,17.0,17.0,11.56,1.7,4.93,9.79
tablet_R8.5_AR1.00_CV0.32.stl,8.5,1.0,0.32,17.0,17.0,12.58,1.7,5.44,9.36
tablet_R8.5_AR1.00_CV0.35.stl,8.5,1.0,0.35,17.0,17.0,13.6,1.7,5.95,9.05
tablet_R8.5_AR1.17_CV0.08.stl,8.5,1.17,0.08,17.0,19.9,4.42,1.7,1.36,27.24
tablet_R8.5_AR1.17_CV0.11.stl,8.5,1.17,0.11,17.0,19.9,5.44,1.7,1.87,20.25
tablet_R8.5_AR1.17_CV0.14.stl,8.5,1.17,0.14,17.0,19.9,6.46,1.7,2.38,16.37
tablet_R8.5_AR1.17_CV0.17.stl,8.5,1.17,0.17,17.0,19.9,7.48,1.7,2.89,13.94
tablet_R8.5_AR1.17_CV0.20.stl,8.5,1.17,0.2,17.0,19.9,8.5,1.7,3.4,12.32
tablet_R8.5_AR1.17_CV0.23.stl,8.5,1.17,0.23,17.0,19.9,9.52,1.7,3.91,11.19
tablet_R8.5_AR1.17_CV0.26.stl,8.5,1.17,0.26,17.0,19.9,10.54,1.7,4.42,10.38
tablet_R8.5_AR1.17_CV0.29.stl,8.5,1.17,0.29,17.0,19.9,11.56,1.7,4.93,9.79
tablet_R8.5_AR1.17_CV0.32.stl,8.5,1.17,0.32,17.0,19.9,12.58,1.7,5.44,9.36
tablet_R8.5_AR1.17_CV0.35.stl,8.5,1.17,0.35,17.0,19.9,13.6,1.7,5.95,9.05
tablet_R8.5_AR1.33_CV0.08.stl,8.5,1.33,0.08,17.0,22.6,4.42,1.7,1.36,27.24
tablet_R8.5_AR1.33_CV0.11.stl,8.5,1.33,0.11,17.0,22.6,5.44,1.7,1.87,20.25
tablet_R8.5_AR1.33_CV0.14.stl,8.5,1.33,0.14,17.0,22.6,6.46,1.7,2.38,16.37
tablet_R8.5_AR1.33_CV0.17.stl,8.5,1.33,0.17,17.0,22.6,7.48,1.7,2.89,13.94
tablet_R8.5_AR1.33_CV0.20.stl,8.5,1.33,0.2,17.0,22.6,8.5,1.7,3.4,12.32
tablet_R8.5_AR1.33_CV0.23.stl,8.5,1.33,0.23,17.0,22.6,9.52,1.7,3.91,11.19
tablet_R8.5_AR1.33_CV0.26.stl,8.5,1.33,0.26,17.0,22.6,10.54,1.7,4.42,10.38
tablet_R8.5_AR1.33_CV0.29.stl,8.5,1.33,0.29,17.0,22.6,11.56,1.7,4.93,9.79
tablet_R8.5_AR1.33_CV0.32.stl,8.5,1.33,0.32,17.0,22.6,12.58,1.7,5.44,9.36
tablet_R8.5_AR1.33_CV0.35.stl,8.5,1.33,0.35,17.0,22.6,13.6,1.7,5.95,9.05
tablet_R8.5_AR1.50_CV0.08.stl,8.5,1.5,0.08,17.0,25.5,4.42,1.7,1.36,27.24
tablet_R8.5_AR1.50_CV0.11.stl,8.5,1.5,0.11,17.0,25.5,5.44,1.7,1.87,20.25
tablet_R8.5_AR1.50_CV0.14.stl,8.5,1.5,0.14,17.0,25.5,6.46,1.7,2.38,16.37
tablet_R8.5_AR1.50_CV0.17.stl,8.5,1.5,0.17,17.0,25.5,7.48,1.7,2.89,13.94
tablet_R8.5_AR1.50_CV0.20.stl,8.5,1.5,0.2,17.0,25.5,8.5,1.7,3.4,12.32
tablet_R8.5_AR1.50_CV0.23.stl,8.5,1.5,0.23,17.0,25.5,9.52,1.7,3.91,11.19
tablet_R8.5_AR1.50_CV0.26.stl,8.5,1.5,0.26,17.0,25.5,10.54,1.7,4.42,10.38
tablet_R8.5_AR1.50_CV0.29.stl,8.5,1.5,0.29,17.0,25.5,11.56,1.7,4.93,9.79
tablet_R8.5_AR1.50_CV0.32.stl,8.5,1.5,0.32,17.0,25.5,12.58,1.7,5.44,9.36
tablet_R8.5_AR1.50_CV0.35.stl,8.5,1.5,0.35,17.0,25.5,13.6,1.7,5.95,9.05
tablet_R8.5_AR1.67_CV0.08.stl,8.5,1.67,0.08,17.0,28.4,4.42,1.7,1.36,27.24
tablet_R8.5_AR1.67_CV0.11.stl,8.5,1.67,0.11,17.0,28.4,5.44,1.7,1.87,20.25
tablet_R8.5_AR1.67_CV0.14.stl,8.5,1.67,0.14,17.0,28.4,6.46,1.7,2.38,16.37
tablet_R8.5_AR1.67_CV0.17.stl,8.5,1.67,0.17,17.0,28.4,7.48,1.7,2.89,13.94
tablet_R8.5_AR1.67_CV0.20.stl,8.5,1.67,0.2,17.0,28.4,8.5,1.7,3.4,12.32
tablet_R8.5_AR1.67_CV0.23.stl,8.5,1.67,0.23,17.0,28.4,9.52,1.7,3.91,11.19
tablet_R8.5_AR1.67_CV0.26.stl,8.5,1.67,0.26,17.0,28.4,10.54,1.7,4.42,10.38
tablet_R8.5_AR1.67_CV0.29.stl,8.5,1.67,0.29,17.0,28.4,11.56,1.7,4.93,9.79
tablet_R8.5_AR1.67_CV0.32.stl,8.5,1.67,0.32,17.0,28.4,12.58,1.7,5.44,9.36
tablet_R8.5_AR1.67_CV0.35.stl,8.5,1.67,0.35,17.0,28.4,13.6,1.7,5.95,9.05
tablet_R8.5_AR1.83_CV0.08.stl,8.5,1.83,0.08,17.0,31.1,4.42,1.7,1.36,27.24
tablet_R8.5_AR1.83_CV0.11.stl,8.5,1.83,0.11,17.0,31.1,5.44,1.7,1.87,20.25
tablet_R8.5_AR1.83_CV0.14.stl,8.5,1.83,0.14,17.0,31.1,6.46,1.7,2.38,16.37
tablet_R8.5_AR1.83_CV0.17.stl,8.5,1.83,0.17,17.0,31.1,7.48,1.7,2.89,13.94
tablet_R8.5_AR1.83_CV0.20.stl,8.5,1.83,0.2,17.0,31.1,8.5,1.7,3.4,12.32
tablet_R8.5_AR1.83_CV0.23.stl,8.5,1.83,0.23,17.0,31.1,9.52,1.7,3.91,11.19
tablet_R8.5_AR1.83_CV0.26.stl,8.5,1.83,0.26,17.0,31.1,10.54,1.7,4.42,10.38
tablet_R8.5_AR1.83_CV0.29.stl,8.5,1.83,0.29,17.0,31.1,11.56,1.7,4.93,9.79
tablet_R8.5_AR1.83_CV0.32.stl,8.5,1.83,0.32,17.0,31.1,12.58,1.7,5.44,9.36
tablet_R8.5_AR1.83_CV0.35.stl,8.5,1.83,0.35,17.0,31.1,13.6,1.7,5.95,9.05
tablet_R8.5_AR2.00_CV0.08.stl,8.5,2.0,0.08,17.0,34.0,4.42,1.7,1.36,27.24
tablet_R8.5_AR2.00_CV0.11.stl,8.5,2.0,0.11,17.0,34.0,5.44,1.7,1.87,20.25
tablet_R8.5_AR2.00_CV0.14.stl,8.5,2.0,0.14,17.0,34.0,6.46,1.7,2.38,16.37
tablet_R8.5_AR2.00_CV0.17.stl,8.5,2.0,0.17,17.0,34.0,7.48,1.7,2.89,13.94
tablet_R8.5_AR2.00_CV0.20.stl,8.5,2.0,0.2,17.0,34.0,8.5,1.7,3.4,12.32
tablet_R8.5_AR2.00_CV0.23.stl,8.5,2.0,0.23,17.0,34.0,9.52,1.7,3.91,11.19
tablet_R8.5_AR2.00_CV0.26.stl,8.5,2.0,0.26,17.0,34.0,10.54,1.7,4.42,10.38
tablet_R8.5_AR2.00_CV0.29.stl,8.5,2.0,0.29,17.0,34.0,11.56,1.7,4.93,9.79
tablet_R8.5_AR2.00_CV0.32.stl,8.5,2.0,0.32,17.0,34.0,12.58,1.7,5.44,9.36
tablet_R8.5_AR2.00_CV0.35.stl,8.5,2.0,0.35,17.0,34.0,13.6,1.7,5.95,9.05
tablet_R8.5_AR2.17_CV0.08.stl,8.5,2.17,0.08,17.0,36.9,4.42,1.7,1.36,27.24
tablet_R8.5_AR2.17_CV0.11.stl,8.5,2.17,0.11,17.0,36.9,5.44,1.7,1.87,20.25
tablet_R8.5_AR2.17_CV0.14.stl,8.5,2.17,0.14,17.0,36.9,6.46,1.7,2.38,16.37
tablet_R8.5_AR2.17_CV0.17.stl,8.5,2.17,0.17,17.0,36.9,7.48,1.7,2.89,13.94
tablet_R8.5_AR2.17_CV0.20.stl,8.5,2.17,0.2,17.0,36.9,8.5,1.7,3.4,12.32
tablet_R8.5_AR2.17_CV0.23.stl,8.5,2.17,0.23,17.0,36.9,9.52,1.7,3.91,11.19
tablet_R8.5_AR2.17_CV0.26.stl,8.5,2.17,0.26,17.0,36.9,10.54,1.7,4.42,10.38
tablet_R8.5_AR2.17_CV0.29.stl,8.5,2.17,0.29,17.0,36.9,11.56,1.7,4.93,9.79
tablet_R8.5_AR2.17_CV0.32.stl,8.5,2.17,0.32,17.0,36.9,12.58,1.7,5.44,9.36
tablet_R8.5_AR2.17_CV0.35.stl,8.5,2.17,0.35,17.0,36.9,13.6,1.7,5.95,9.05
tablet_R8.5_AR2.33_CV0.08.stl,8.5,2.33,0.08,17.0,39.6,4.42,1.7,1.36,27.24
tablet_R8.5_AR2.33_CV0.11.stl,8.5,2.33,0.11,17.0,39.6,5.44,1.7,1.87,20.25
tablet_R8.5_AR2.33_CV0.14.stl,8.5,2.33,0.14,17.0,39.6,6.46,1.7,2.38,16.37
tablet_R8.5_AR2.33_CV0.17.stl,8.5,2.33,0.17,17.0,39.6,7.48,1.7,2.89,13.94
tablet_R8.5_AR2.33_CV0.20.stl,8.5,2.33,0.2,17.0,39.6,8.5,1.7,3.4,12.32
tablet_R8.5_AR2.33_CV0.23.stl,8.5,2.33,0.23,17.0,39.6,9.52,1.7,3.91,11.19
tablet_R8.5_AR2.33_CV0.26.stl,8.5,2.33,0.26,17.0,39.6,10.54,1.7,4.42,10.38
tablet_R8.5_AR2.33_CV0.29.stl,8.5,2.33,0.29,17.0,39.6,11.56,1.7,4.93,9.79
tablet_R8.5_AR2.33_CV0.32.stl,8.5,2.33,0.32,17.0,39.6,12.58,1.7,5.44,9.36
tablet_R8.5_AR2.33_CV0.35.stl,8.5,2.33,0.35,17.0,39.6,13.6,1.7,5.95,9.05
tablet_R8.5_AR2.50_CV0.08.stl,8.5,2.5,0.08,17.0,42.5,4.42,1.7,1.36,27.24
tablet_R8.5_AR2.50_CV0.11.stl,8.5,2.5,0.11,17.0,42.5,5.44,1.7,1.87,20.25
tablet_R8.5_AR2.50_CV0.14.stl,8.5,2.5,0.14,17.0,42.5,6.46,1.7,2.38,16.37
tablet_R8.5_AR2.50_CV0.17.stl,8.5,2.5,0.17,17.0,42.5,7.48,1.7,2.89,13.94
tablet_R8.5_AR2.50_CV0.20.stl,8.5,2.5,0.2,17.0,42.5,8.5,1.7,3.4,12.32
tablet_R8.5_AR2.50_CV0.23.stl,8.5,2.5,0.23,17.0,42.5,9.52,1.7,3.91,11.19
tablet_R8.5_AR2.50_CV0.26.stl,8.5,2.5,0.26,17.0,42.5,10.54,1.7,4.42,10.38
tablet_R8.5_AR2.50_CV0.29.stl,8.5,2.5,0.29,17.0,42.5,11.56,1.7,4.93,9.79
tablet_R8.5_AR2.50_CV0.32.stl,8.5,2.5,0.32,17.0,42.5,12.58,1.7,5.44,9.36
tablet_R8.5_AR2.50_CV0.35.stl,8.5,2.5,0.35,17.0,42.5,13.6,1.7,5.95,9.05
