filename,n_vertices,n_faces,bbox_min_x,bbox_min_y,bbox_min_z,bbox_max_x,bbox_max_y,bbox_max_z,extent_x,extent_y,extent_z,bbox_diagonal,principal_length,centroid_x,centroid_y,centroid_z,is_watertight,volume
Bearing1_1.stl,37566,12522,-113.43290710449219,57.60651397705078,19.379777908325195,-96.43290710449219,74.60651397705078,24.379777908325195,17.0,17.0,5.0,24.55605831561735,17.0000483577839,-104.54355013683404,65.36465263864277,21.880110855155344,False,
Bearing1_1_hull.stl,6216,2072,-113.43290710449219,57.60651397705078,19.379777908325195,-96.43290710449219,74.60651397705078,24.379777908325195,17.0,17.0,5.0,24.55605831561735,16.994788248280138,-104.74466751471756,66.21393383792008,21.879777334218165,True,1133.2142942854464
C-SSRY20200_b.stl,8712,2904,98.73633575439453,-9.968606948852539,-70.194091796875,198.97230529785156,10.015946388244629,-63.094093322753906,100.23596954345703,19.984553337097168,7.099998474121094,102.4550727916029,100.30006971658995,153.28127910414347,0.02368083579809541,-66.35116415225222,True,3874.8823122564972
CSK_1.stl,2850,950,-96.51451110839844,54.22093200683594,34.66446304321289,-86.51777648925781,64.21929931640625,49.66446304321289,9.996734619140625,9.998367309570312,15.0,20.61315240089708,15.000197552254884,-91.51443830523574,59.220118111058284,44.120424381724575,True,376.1646287155384
Crank_1.stl,11244,3748,-97.81588745117188,53.54679870605469,40.87977600097656,-17.217626571655273,74.18328094482422,46.87977600097656,80.5982608795166,20.63648223876953,6.0,83.41429167710811,80.0087908833855,-57.50209796220881,63.86394588500314,43.15405674041781,True,6694.949528064765
Crank_1_hull.stl,84,28,-97.81588745117188,53.54679870605469,40.87977600097656,-17.217626571655273,74.18328094482422,46.87977600097656,80.5982608795166,20.63648223876953,6.0,83.41429167710811,80.02046153104274,-59.463681811378116,64.01091375805083,43.87977600097656,True,7152.001581499935
E-SFGKRRA10-45-F3-S21-KA0-A20 v1.stl,3300,1100,-5.949999809265137,-23.149999618530273,-6.149612903594971,8.447041511535645,-22.149999618530273,6.149612903594971,14.397041320800781,1.0,12.299225807189941,18.961691755987708,14.397127790000225,-0.013006574183589581,-22.649999618530273,1.336408383918531e-05,True,59.28487590560169
F_Back_1.stl,2712,904,-144.1446990966797,13.765124320983887,14.379776954650879,-132.8779296875,122.30282592773438,48.0,11.266769409179688,108.53770160675049,33.62022304534912,114.18271393085145,108.44046413387883,-138.6497583754998,68.07938242591588,34.164259767110366,True,17559.15907192817
F_Back_1_hull.stl,174,58,-144.1446990966797,13.765124320983887,14.379776954650879,-132.8779296875,122.30282592773438,48.0,11.266769409179688,108.53770160675049,33.62022304534912,114.18271393085145,108.66596037566278,-138.76167858606098,72.40209775683523,31.355402151743572,True,18227.24999180325
F_LeftLink_1.stl,1812,604,-93.69345092773438,17.566774368286133,48.0,-87.54437255859375,37.82261657714844,148.0,6.149078369140625,20.255842208862305,100.0,102.21599829958205,100.03773590571154,-90.85050772357461,23.699617078499024,71.15822970367162,True,9632.377758056025
F_LeftLink_1_hull.stl,342,114,-93.69345092773438,17.566774368286133,48.0,-87.54437255859375,37.82261657714844,148.0,6.149078369140625,20.255842208862305,100.0,102.21599829958205,100.0169362882905,-90.57729466756184,27.654762569226715,60.75561234546684,True,9864.65881014741
F_Left_1.stl,2352,784,-144.43406677246094,5.87137508392334,2.290168055196773e-11,-89.09044647216797,14.054489135742188,48.0,55.34362030029297,8.183114051818848,47.9999999999771,73.71485375096309,61.78919095353011,-121.36146913580343,10.21382326151238,36.650531841784826,True,12889.360625032428
F_Left_1_hull.stl,72,24,-144.43406677246094,5.87137508392334,2.290168055196773e-11,-89.09044647216797,14.054489135742188,48.0,55.34362030029297,8.183114051818848,47.9999999999771,73.71485375096309,61.422176590021344,-121.07707680596246,9.795695781707764,27.32404976421757,True,13235.205579678739
F_RightLink2_1.stl,5004,1668,-101.33287811279297,92.84618377685547,58.0,-87.88159942626953,113.39138793945312,103.0,13.451278686523438,20.545204162597656,45.0,51.264435161087455,47.60095001098243,-93.75153449475528,100.02121101123252,75.4482097793445,True,4823.845264384706
F_RightLink2_1_hull.stl,186,62,-101.33287811279297,92.84618377685547,58.0,-87.88159942626953,113.39138793945312,103.0,13.451278686523438,20.545204162597656,45.0,51.264435161087455,47.234785229009574,-94.47989588911815,99.9610855758831,85.52375518634756,True,8402.747434066952
F_RightLink_1.stl,1812,604,-89.35298919677734,92.44107055664062,48.0,-83.20391082763672,112.69691467285156,148.0,6.149078369140625,20.255844116210938,100.0,102.2159986775557,100.03773587807908,-86.0468565286127,106.56407367209462,71.15822870789248,True,9632.380811653913
F_RightLink_1_hull.stl,372,124,-89.35298919677734,92.44107055664062,48.0,-83.20391082763672,112.69691467285156,148.0,6.149078369140625,20.255844116210938,100.0,102.2159986775557,100.23495239553951,-86.41037988149992,103.08016305328697,63.77871957389257,True,9864.659685772558
F_Right_1.stl,2352,784,-137.8695526123047,119.111328125,1.4024337247064977e-11,-82.52593231201172,127.29444885253906,48.0,55.34362030029297,8.183120727539062,47.999999999985974,73.71485449204341,61.71111351215898,-114.83429066988887,123.45594431753872,36.65107105378432,True,12888.970526799161
F_Right_1_hull.stl,114,38,-137.8695526123047,119.111328125,1.4024337247064977e-11,-82.52593231201172,127.29444885253906,48.0,55.34362030029297,8.183120727539062,47.999999999985974,73.71485449204341,60.51743540939495,-115.06741687707733,123.35338371678402,28.22959423065604,True,13235.21735729152
F_Top_1.stl,2412,804,-144.43406677246094,6.160738945007324,48.0,-84.50605010986328,127.29444885253906,58.0,59.928016662597656,121.13370990753174,10.0,135.5165777942855,119.50597190662046,-111.50784745856897,69.69851038882982,53.26119402985075,True,60943.02117156476
F_Top_1_hull.stl,60,20,-144.43406677246094,6.160738945007324,48.0,-84.50605010986328,127.29444885253906,58.0,59.928016662597656,121.13370990753174,10.0,135.5165777942855,119.03766608252852,-105.83222732543945,65.61252082188925,53.0,True,63599.502477175905
Handle_1.stl,1476,492,-168.9818878173828,28.305938720703125,38.0,-126.25859069824219,107.4147720336914,63.0,42.723297119140625,79.10883331298828,25.0,93.31927788443572,78.55248337088284,-141.25599854425363,68.46379932930799,52.36652235480828,True,21960.889102004556
Handle_1_hull.stl,144,48,-168.9818878173828,28.305938720703125,38.0,-126.25859069824219,107.4147720336914,63.0,42.723297119140625,79.10883331298828,25.0,93.31927788443572,78.57574694024356,-145.7054794099596,68.42716032928891,54.25,True,49000.48757649396
HexNut_1.stl,3672,1224,-111.43290710449219,58.6009635925293,7.879777431488037,-98.43290710449219,73.61206817626953,14.379776954650879,13.0,15.011104583740234,6.499999523162842,20.894574765357255,13.000045696742422,-104.93290470264576,66.10651561741216,11.059706150316725,True,620.1672543368601
HexNut_1_hull.stl,2724,908,-111.43290710449219,58.6009635925293,7.879777431488037,-98.43290710449219,73.61206817626953,14.379776954650879,13.0,15.011104583740234,6.499999523162842,20.894574765357255,15.36717187937518,-104.73621855188222,65.87581336795846,11.13330795218766,True,946.5401427318053
LeftSlider1_1.stl,46236,15412,-139.08905029296875,7.961734294891357,22.53139305114746,-38.63969802856445,20.850772857666016,42.51594543457031,100.4493522644043,12.889038562774658,19.98455238342285,103.22587863213782,100.27441036408096,-81.75114881436463,14.631021664272348,32.52549039563647,False,
LeftSlider1_1_hull.stl,924,308,-139.08905029296875,7.961734294891357,22.53139305114746,-38.63969802856445,20.850772857666016,42.51594543457031,100.4493522644043,12.889038562774658,19.98455238342285,103.22587863213782,100.26464657011039,-99.92462083477994,15.43622713894039,32.52394771575928,True,13067.63875197373
LeftSlider2_1.stl,7332,2444,-102.74308776855469,8.79691219329834,26.286972045898438,-3.8833281993865967,19.486862182617188,38.71302795410156,98.85975956916809,10.689949989318848,12.426055908203125,100.20945044396586,98.75015784419108,-55.471788701533754,14.222789120947281,32.49915317778892,True,2281.481595064503
LeftSlider2_1_hull.stl,780,260,-102.74308776855469,8.79691219329834,26.286972045898438,-3.8833281993865967,19.486862182617188,38.71302795410156,98.85975956916809,10.689949989318848,12.426055908203125,100.20945044396586,98.76526595056171,-63.663520249953635,14.804918878506392,32.507630468026186,True,5963.774473310493
M_Back_1.stl,3936,1312,-4.268406867980957,5.6704864501953125,15.0,6.9983673095703125,114.20819091796875,48.0,11.26677417755127,108.53770446777344,33.0,114.00163810885202,108.4370088090313,1.6319500265379883,65.43813746464932,32.365335654437054,True,17287.405364880888
M_Back_1_hull.stl,120,40,-4.268406867980957,5.6704864501953125,15.0,6.9983673095703125,114.20819091796875,48.0,11.26677417755127,108.53770446777344,33.0,114.00163810885202,108.7842828205699,1.0999994973341625,60.18305325905482,30.636665217081706,True,17890.96300463414
M_Bottom_1.stl,1968,656,-53.042877197265625,18.818113327026367,15.0,1.2384580373764038,103.82563018798828,25.0,54.28133523464203,85.00751686096191,10.0,101.35453259584553,82.48483689174745,-21.3472895018233,61.07319138011312,19.74261832624916,True,40205.21911675826
M_Bottom_1_hull.stl,120,40,-53.042877197265625,18.818113327026367,15.0,1.2384580373764038,103.82563018798828,25.0,54.28133523464203,85.00751686096191,10.0,101.35453259584553,82.89503010715859,-22.91492504195776,58.19653155008952,20.103919871648152,True,40810.743543316945
M_Left1_1.stl,1680,560,-54.473968505859375,0.6788668036460876,5.062616992290714e-13,0.7232129573822021,8.85349178314209,48.0,55.19718146324158,8.174624979496002,47.999999999999496,73.60403069833453,66.33388781168789,-18.85656333700532,4.323343529800574,38.46993820894339,True,12940.372338905565
M_Left1_1_hull.stl,84,28,-54.473968505859375,0.6788668036460876,5.062616992290714e-13,0.7232129573822021,8.85349178314209,48.0,55.19718146324158,8.174624979496002,47.999999999999496,73.60403069833453,66.67676893959559,-16.112200307349365,4.1422381195284075,27.00030008951932,True,13200.00006215607
M_Left2_1.stl,2640,880,-103.64445495605469,13.826493263244629,15.0,-3.5230135917663574,24.605377197265625,48.0,100.12144136428833,10.778883934020996,33.0,105.9692755459134,102.10061340634476,-29.81483316728563,17.92777461608251,26.947083288250546,True,16024.907170405024
M_Left2_1_hull.stl,132,44,-103.64445495605469,13.826493263244629,15.0,-3.5230135917663574,24.605377197265625,48.0,100.12144136428833,10.778883934020996,33.0,105.9692755459134,100.5807801263142,-27.89639433405616,17.678177891355574,29.61157463536118,True,16499.95145822632
M_LeftLink2_copy_1.stl,5046,1682,-48.727882385253906,14.631306648254395,58.0,-36.665348052978516,35.176513671875,103.0,12.06253433227539,20.545207023620605,45.0,50.91768127242984,47.384569776013365,-43.73994288253633,27.964678492944863,75.35196034737253,True,4823.812425157585
M_LeftLink2_copy_1_hull.stl,168,56,-48.727882385253906,14.631306648254395,58.0,-36.665348052978516,35.176513671875,103.0,12.06253433227539,20.545207023620605,45.0,50.91768127242984,47.269324169198256,-41.83426530020578,27.355934233892533,85.48473258245559,True,8370.885665769938
M_LeftLink_1.stl,1812,604,-53.79598617553711,15.267908096313477,48.0,-47.64691162109375,35.52375030517578,148.0,6.149074554443359,20.255842208862305,100.0,102.21599807009875,100.03773586822835,-50.95304356926587,21.400749759168814,71.15822870789248,True,9632.37760816572
M_LeftLink_1_hull.stl,378,126,-53.79598617553711,15.267908096313477,48.0,-47.64691162109375,35.52375030517578,148.0,6.149074554443359,20.255842208862305,100.0,102.21599807009875,100.18218004086006,-50.86963103561805,24.896696027624543,67.43193606220225,True,9864.65229428157
M_Right1_1.stl,1680,560,-47.90945053100586,113.9188232421875,-6.346034808757395e-12,7.287731170654297,122.09344482421875,48.0,55.197181701660156,8.17462158203125,48.000000000006345,73.6040304998042,66.33388803767748,-12.292044993383543,117.56330022811889,38.46993820894319,True,12940.366007147013
M_Right1_1_hull.stl,72,24,-47.90945053100586,113.9188232421875,-6.346034808757395e-12,7.287731170654297,122.09344482421875,48.0,55.197181701660156,8.17462158203125,48.000000000006345,73.6040304998042,66.55306991647892,-10.272677037451002,117.00685617658827,26.240643792681023,True,13200.001127559104
M_Right2_1.stl,2640,880,-98.59362030029297,100.95496368408203,15.0,1.5278221368789673,111.73384857177734,48.0,100.12144243717194,10.778884887695312,33.0,105.96927665659571,102.07126204714416,-24.74402734732086,104.90028053052498,26.510577297210695,True,16024.905630723153
M_Right2_1_hull.stl,132,44,-98.59362030029297,100.95496368408203,15.0,1.5278221368789673,111.73384857177734,48.0,100.12144243717194,10.778884887695312,33.0,105.96927665659571,100.02676257170896,-29.627177186987616,104.69156317277388,28.940047842083555,True,16499.960534467013
M_RightLink_1.stl,1812,604,-49.45552444458008,90.14220428466797,48.0,-43.30644989013672,110.3980484008789,148.0,6.149074554443359,20.255844116210938,100.0,102.2159984480724,100.03773589741388,-46.149392576407124,104.2652060822409,71.15822970367162,True,9632.376836329157
M_RightLink_1_hull.stl,378,126,-49.45552444458008,90.14220428466797,48.0,-43.30644989013672,110.3980484008789,148.0,6.149074554443359,20.255844116210938,100.0,102.2159984480724,100.27202725580874,-46.387299229859046,100.8469313767852,67.98871894109817,True,9864.651590024332
M_Top_1.stl,2700,900,-52.49384689331055,0.6788668036460876,48.0,7.287731170654297,121.80408477783203,58.0,59.781578063964844,121.12521797418594,10.0,135.44428930417104,119.56052236926939,-25.864479782929024,58.7106102097476,53.233333333333334,True,60630.253896961476
M_Top_1_hull.stl,60,20,-52.49384689331055,0.6788668036460876,48.0,7.287731170654297,121.80408477783203,58.0,59.781578063964844,121.12521797418594,10.0,135.44428930417104,118.47510470079956,-31.24693599243959,61.829850139220554,53.0,True,63425.78706850135
NeedleBearing_1.stl,10476,3492,-116.93290710449219,54.10785675048828,14.379776954650879,-92.93827819824219,78.10517120361328,18.379777908325195,23.99462890625,23.997314453125,4.000000953674316,34.170357401411614,23.997602327937003,-104.93825480609324,66.10651511060868,16.379777431488037,True,1459.0481054287304
NeedleBearing_1_hull.stl,1248,416,-116.93290710449219,54.10785675048828,14.379776954650879,-92.93827819824219,78.10517120361328,18.379777908325195,23.99462890625,23.997314453125,4.000000953674316,34.170357401411614,23.995598493720316,-106.01264575200203,65.16317287469522,16.379777431488037,True,1808.478008285756
PAWL_1.stl,1824,608,-121.85487365722656,26.317522048950195,28.379777908325195,-86.65516662597656,52.85807418823242,34.37977600097656,35.19970703125,26.540552139282227,5.999998092651367,44.49067610247803,38.439072487219,-109.22954789379187,37.84472816868832,31.37977701739261,True,2196.5480828121595
PAWL_1_hull.stl,702,234,-121.85487365722656,26.317522048950195,28.379777908325195,-86.65516662597656,52.85807418823242,34.37977600097656,35.19970703125,26.540552139282227,5.999998092651367,44.49067610247803,38.604575901601905,-108.07426454810336,37.81810931126956,31.37977696008492,True,2757.575831480071
PULLEY_1.stl,4716,1572,-126.92305755615234,44.108978271484375,34.87977600097656,-82.93290710449219,88.10405731201172,40.87977600097656,43.990150451660156,43.995079040527344,6.0,62.50360242851563,43.99495182204336,-104.9275271453728,66.16006891964047,37.87977600097656,True,8152.945104726484
PULLEY_1_hull.stl,2484,828,-126.92305755615234,44.108978271484375,34.87977600097656,-82.93290710449219,88.10405731201172,40.87977600097656,43.990150451660156,43.995079040527344,6.0,62.50360242851563,43.99520540011521,-105.98045035836778,67.10719883499515,37.87977600097656,True,8981.948125588426
RAIL SLIDER.stl,8712,2904,98.73633575439453,-9.968606948852539,-70.194091796875,198.97230529785156,10.015946388244629,-63.094093322753906,100.23596954345703,19.984553337097168,7.099998474121094,102.4550727916029,100.30006971658995,153.28127910414347,0.02368083579809541,-66.35116415225222,True,3874.8823122564972
RING2_E-SFGKRRA10-45-F3-S21-KA0-A20.stl,3300,1100,-6.149612903594971,-23.149999618530273,-29.950000762939453,6.149612903594971,-22.149999618530273,-15.552958488464355,12.299225807189941,1.0,14.397042274475098,18.961692480083897,14.397128743650473,-1.336408383918531e-05,-22.649999618530273,-24.013006586595015,True,59.284876463935596
RachetGear_1.stl,6978,2326,-124.93290710449219,46.10651397705078,28.379777908325195,-84.93290710449219,86.10651397705078,34.37977600097656,40.0,40.0,5.999998092651367,56.88585041213518,40.00205142783179,-104.92970512807797,66.16624054344311,31.391558605335135,True,6688.008795754385
RachetGear_1_hull.stl,5748,1916,-124.93290710449219,46.10651397705078,28.379777908325195,-84.93290710449219,86.10651397705078,34.37977600097656,40.0,40.0,5.999998092651367,56.88585041213518,39.983587506161044,-105.29345559907938,67.04578468147548,31.379777034289653,True,7411.247116599654
RightSlider1_1.stl,47226,15742,-133.288818359375,109.2637939453125,22.507722854614258,-32.89909744262695,121.98614501953125,42.49227523803711,100.38972091674805,12.72235107421875,19.98455238342285,103.147160002416,100.18836095264106,-75.7920947272184,114.64844776299445,32.53039193580481,True,4913.96521182004
RightSlider1_1_hull.stl,936,312,-133.288818359375,109.2637939453125,22.507722854614258,-32.89909744262695,121.98614501953125,42.49227523803711,100.38972091674805,12.72235107421875,19.98455238342285,103.147160002416,100.1802396367396,-96.95933770318317,116.3810767149314,32.50997432684287,True,13056.005485811394
RightSlider2_1.stl,7332,2444,-97.5976791381836,105.98727416992188,26.286972045898438,1.1175942420959473,116.68619537353516,38.71302795410156,98.71527338027954,10.698921203613281,12.426055908203125,100.06787186154327,98.66083744288349,-50.410650324614984,111.55585243112716,32.50084687970209,True,2279.4021873471897
RightSlider2_1_hull.stl,750,250,-97.5976791381836,105.98727416992188,26.286972045898438,1.1175942420959473,116.68619537353516,38.71302795410156,98.71527338027954,10.698921203613281,12.426055908203125,100.06787186154327,98.66533028036898,-59.14204609370232,111.90603345743816,32.49606157430013,True,5958.373998994596
ShaftHandle_1.stl,1626,542,-106.88056945800781,47.17195510864258,2.82354474067688,-102.9789047241211,87.17195892333984,6.728375434875488,3.9016647338867188,40.000003814697266,3.9048306941986084,40.37909106978272,40.000003815076866,-104.88605974110584,67.17195674150193,4.735792259741826,True,477.7256776857057
ShaftHandle_1_hull.stl,456,152,-106.88056945800781,47.17195510864258,2.82354474067688,-102.9789047241211,87.17195892333984,6.728375434875488,3.9016647338867188,40.000003814697266,3.9048306941986084,40.37909106978272,40.00034271389238,-105.17212429381253,67.17195701599121,4.624686027828016,True,477.7256776857057
Shaft_copy_1.stl,7050,2350,-109.92658233642578,61.10651397705078,1.7759599685668945,-99.93922424316406,71.10651397705078,40.77595901489258,9.987358093261719,10.0,38.999999046325684,41.48189059452865,39.05070642249301,-104.93312472620754,65.78302375035929,23.481896568291575,True,2526.7675954455226
Shaft_copy_1_hull.stl,2370,790,-109.92658233642578,61.10651397705078,1.7759599685668945,-99.93922424316406,71.10651397705078,40.77595901489258,9.987358093261719,10.0,38.999999046325684,41.48189059452865,39.02954650718388,-104.7841426382588,65.98791189233965,26.120425648427712,True,2855.6783200607447
Washer_1.stl,4968,1656,-119.92619323730469,51.108192443847656,24.379777908325195,-89.93290710449219,81.1048355102539,27.379777908325195,29.9932861328125,29.99664306640625,3.0,42.52523731030952,29.99676986618159,-104.9292866865026,66.10638022921896,25.958280323784134,True,1448.9648876710125
Washer_1_hull.stl,1248,416,-119.92619323730469,51.108192443847656,24.379777908325195,-89.93290710449219,81.1048355102539,27.379777908325195,29.9932861328125,29.99664306640625,3.0,42.52523731030952,29.993403848499074,-104.75632602129227,68.46277757791373,25.879777908325195,True,2119.309652589829
base_link.stl,3648,1216,-138.39175415039062,23.99627113342285,14.379776954650879,-83.56764221191406,109.03524780273438,24.379777908325195,54.82411193847656,85.03897666931152,10.000000953674316,101.67256671236251,82.74754664390892,-110.47449156694245,66.42029320827702,19.828221307511914,True,37898.65355858982
base_link_hull.stl,48,16,-138.39175415039062,23.99627113342285,14.379776954650879,-83.56764221191406,109.03524780273438,24.379777908325195,54.82411193847656,85.03897666931152,10.000000953674316,101.67256671236251,85.8497621079716,-117.03143469492595,70.43369833628337,19.278503437836964,True,41258.060234780925
제목_없음__1__1.stl,66576,22192,-200.7497100830078,27.150991439819336,24.968910217285156,79.0,214.69908142089844,398.1946716308594,279.7497100830078,187.5480899810791,373.2257614135742,502.7242338795894,308.0712989059211,-154.39049044114552,69.06444808652383,117.78315462157349,False,
키-30-3 v1.stl,1164,388,30.443679809570312,111.57363891601562,211.77647399902344,33.44367980957031,131.57363891601562,214.77647399902344,3.0,20.0,3.0,20.445048300260872,20.007159131735726,31.945368085120553,121.73251328353619,213.27647399902344,True,172.42699365719923
