source,C:\TEMP\20260505\..\Crusher_IsaacSim_description\Crushing.usd

[LINKS],total=42
#,link_name,world_pos_x [m],world_pos_y [m],world_pos_z [m]
1,fixed_base,0.000000,0.000000,0.000000
2,base_link,0.000000,0.000000,0.000000
3,L1_Braket1_1,-0.109802,0.060278,0.009431
4,L2_Braket2_1,-0.059802,0.060278,0.019431
5,L3_Bevel_GearBox_1,-0.064802,0.072903,0.061806
6,L4_Bevel_GearBox2_1,-0.093802,0.066678,0.049431
7,L4_Motor1_FrontBearing_1,-0.062802,0.085278,0.049431
8,L5_Motor1_FrontSnapring_1,-0.062802,0.085278,0.049431
9,L4_Motor1_RearBearing_1,-0.122802,0.085278,0.049431
10,L5_Motor1_RearSnapring_1,-0.123302,0.085278,0.049031
11,L4_Reducer1_1,-0.094000,0.108778,0.050000
12,L5_Reducer2_1,-0.094000,0.113778,0.050000
13,L6_Motor1_Bolt_1,-0.096750,0.116778,0.070819
14,L6_Motor1_Braket_1,-0.094000,0.156378,0.050000
15,L7_Motor1_Body_1,-0.094000,0.167878,0.050000
16,L4_Shaft_1,-0.062002,0.085278,0.049431
17,L5_Key_1,-0.055302,0.087778,0.049431
18,L5_Link1_1,-0.043302,0.085278,0.049431
19,L6_Link2_1,-0.043302,0.105278,0.049431
20,L7_Link3_1,-0.043302,0.199278,0.049431
21,L8_Link3_Shaft_1,-0.048302,0.236278,0.049431
22,L9_PLATE_v3_1,-0.048302,0.326778,0.049431
23,L1_Guide1_1,0.000198,0.289278,0.009431
24,L2_Left_Wall1_1,-0.017802,0.286278,0.016542
25,L3_RackGear_1,-0.046302,0.286278,0.012931
26,L1_Guide2_1,-0.094802,0.289278,0.009431
27,L1_Slider_jig_1,-0.047302,0.236278,0.009431
28,L2_Linear_bush_1,-0.035302,0.243778,0.042431
29,L1_Wall1_1,-0.085302,0.336278,0.009431
30,L2_GearCase3_1,-0.060802,0.371278,0.014431
31,L2__Motor2_Braket_1,-0.084802,0.382698,0.014431
32,L3_Motor2_1,-0.101802,0.372198,0.038633
33,L4_Motor2_Shaft_1,-0.099802,0.372198,0.038633
34,L5_Coupler_1,-0.092802,0.372198,0.038633
35,L6_DcutShaft_1,-0.067802,0.372198,0.038633
36,L7_Holder_Bearing1_1,-0.050802,0.372198,0.038633
37,L7_Holder_Bearing2_1,-0.032802,0.372198,0.038633
38,L7_SpurGear_1,-0.050802,0.372198,0.038633
39,L1_Wall2_1,-0.020802,0.336278,0.009431
40,L2_GearCase2_1,-0.022802,0.371278,0.014431
41,L3_GearCase1_1,-0.022802,0.346278,0.057431
42,L2_Wall3_1,0.000198,0.336278,0.014431

[JOINTS],total=42
#,joint_name,type,parent (body0),child (body1)
1,fixed_base_base_link,Fixed,fixed_base,base_link
2,base_link_L1_Braket1_1,Fixed,base_link,L1_Braket1_1
3,L1_Braket1_1_L2_Braket2_1,Fixed,L1_Braket1_1,L2_Braket2_1
4,L2_Braket2_1_L3_Bevel_GearBox_1,Fixed,L2_Braket2_1,L3_Bevel_GearBox_1
5,L3_Bevel_GearBox_1_L4_Bevel_GearBox2_1,Fixed,L3_Bevel_GearBox_1,L4_Bevel_GearBox2_1
6,L3_Bevel_GearBox_1_L4_Motor1_FrontBearing_1,Fixed,L3_Bevel_GearBox_1,L4_Motor1_FrontBearing_1
7,L4_Motor1_FrontBearing_1_L5_Motor1_FrontSnapring_1,Fixed,L4_Motor1_FrontBearing_1,L5_Motor1_FrontSnapring_1
8,L3_Bevel_GearBox_1_L4_Motor1_RearBearing_1,Fixed,L3_Bevel_GearBox_1,L4_Motor1_RearBearing_1
9,L4_Motor1_RearBearing_1_L5_Motor1_RearSnapring_1,Fixed,L4_Motor1_RearBearing_1,L5_Motor1_RearSnapring_1
10,L3_Bevel_GearBox_1_L4_Reducer1_1,Fixed,L3_Bevel_GearBox_1,L4_Reducer1_1
11,L4_Reducer1_1_L5_Reducer2_1,Fixed,L4_Reducer1_1,L5_Reducer2_1
12,L5_Reducer2_1_L6_Motor1_Bolt_1,Fixed,L5_Reducer2_1,L6_Motor1_Bolt_1
13,L5_Reducer2_1_L6_Motor1_Braket_1,Fixed,L5_Reducer2_1,L6_Motor1_Braket_1
14,L6_Motor1_Braket_1_L7_Motor1_Body_1,Fixed,L6_Motor1_Braket_1,L7_Motor1_Body_1
15,L3_Bevel_GearBox_1_L4_Shaft_1,Revolute,L3_Bevel_GearBox_1,L4_Shaft_1
16,L4_Shaft_1_L5_Key_1,Fixed,L4_Shaft_1,L5_Key_1
17,L4_Shaft_1_L5_Link1_1,Fixed,L4_Shaft_1,L5_Link1_1
18,L5_Link1_1_L6_Link2_1,Revolute,L5_Link1_1,L6_Link2_1
19,L6_Link2_1_L7_Link3_1,Revolute,L6_Link2_1,L7_Link3_1
20,L7_Link3_1_L8_Link3_Shaft_1,Fixed,L7_Link3_1,L8_Link3_Shaft_1
21,L8_Link3_Shaft_1_L9_PLATE_v3_1,Fixed,L8_Link3_Shaft_1,L9_PLATE_v3_1
22,base_link_L1_Guide1_1,Fixed,base_link,L1_Guide1_1
23,L1_Guide1_1_L2_Left_Wall1_1,Prismatic,L1_Guide1_1,L2_Left_Wall1_1
24,L2_Left_Wall1_1_L3_RackGear_1,Fixed,L2_Left_Wall1_1,L3_RackGear_1
25,base_link_L1_Guide2_1,Fixed,base_link,L1_Guide2_1
26,base_link_L1_Slider_jig_1,Fixed,base_link,L1_Slider_jig_1
27,L1_Slider_jig_1_L2_Linear_bush_1,Fixed,L1_Slider_jig_1,L2_Linear_bush_1
28,base_link_L1_Wall1_1,Fixed,base_link,L1_Wall1_1
29,L1_Wall1_1_L2_GearCase3_1,Fixed,L1_Wall1_1,L2_GearCase3_1
30,L1_Wall1_1_L2__Motor2_Braket_1,Fixed,L1_Wall1_1,L2__Motor2_Braket_1
31,L2__Motor2_Braket_1_L3_Motor2_1,Fixed,L2__Motor2_Braket_1,L3_Motor2_1
32,L3_Motor2_1_L4_Motor2_Shaft_1,Revolute,L3_Motor2_1,L4_Motor2_Shaft_1
33,L4_Motor2_Shaft_1_L5_Coupler_1,Fixed,L4_Motor2_Shaft_1,L5_Coupler_1
34,L5_Coupler_1_L6_DcutShaft_1,Fixed,L5_Coupler_1,L6_DcutShaft_1
35,L6_DcutShaft_1_L7_Holder_Bearing1_1,Revolute,L6_DcutShaft_1,L7_Holder_Bearing1_1
36,L6_DcutShaft_1_L7_Holder_Bearing2_1,Revolute,L6_DcutShaft_1,L7_Holder_Bearing2_1
37,L6_DcutShaft_1_L7_SpurGear_1,Fixed,L6_DcutShaft_1,L7_SpurGear_1
38,base_link_L1_Wall2_1,Fixed,base_link,L1_Wall2_1
39,L1_Wall2_1_L2_GearCase2_1,Fixed,L1_Wall2_1,L2_GearCase2_1
40,L2_GearCase2_1_L3_GearCase1_1,Fixed,L2_GearCase2_1,L3_GearCase1_1
41,L1_Wall2_1_L2_Wall3_1,Fixed,L1_Wall2_1,L2_Wall3_1
42,root_joint,Fixed,—,fixed_base

[JOINT_POSITIONS]
#,joint_name,type,localPos0_x [m],localPos0_y [m],localPos0_z [m],localPos1_x [m],localPos1_y [m],localPos1_z [m],rot0_roll [deg],rot0_pitch [deg],rot0_yaw [deg],rot1_roll [deg],rot1_pitch [deg],rot1_yaw [deg]
1,fixed_base_base_link,Fixed,0.000000,0.000000,0.000000,0.000000,0.000000,0.000000,90.0000,0.0000,90.0000,0.0000,0.0000,0.0000
2,base_link_L1_Braket1_1,Fixed,0.060278,0.009431,-0.109802,0.000000,0.000000,0.000000,0.0000,0.0000,0.0000,0.0000,0.0000,0.0000
3,L1_Braket1_1_L2_Braket2_1,Fixed,0.000000,0.010000,0.050000,0.000000,0.000000,0.000000,0.0000,0.0000,0.0000,0.0000,0.0000,0.0000
4,L2_Braket2_1_L3_Bevel_GearBox_1,Fixed,0.012625,0.042375,-0.005000,0.000000,0.000000,0.000000,0.0000,0.0000,0.0000,0.0000,0.0000,0.0000
5,L3_Bevel_GearBox_1_L4_Bevel_GearBox2_1,Fixed,-0.006225,-0.012375,-0.029000,0.000000,0.000000,0.000000,0.0000,0.0000,0.0000,0.0000,0.0000,0.0000
6,L3_Bevel_GearBox_1_L4_Motor1_FrontBearing_1,Fixed,0.012375,-0.012375,0.002000,0.000000,0.000000,0.000000,0.0000,0.0000,0.0000,0.0000,0.0000,0.0000
7,L4_Motor1_FrontBearing_1_L5_Motor1_FrontSnapring_1,Fixed,0.000000,0.000000,0.000000,0.000000,0.000000,0.000000,0.0000,0.0000,0.0000,0.0000,0.0000,0.0000
8,L3_Bevel_GearBox_1_L4_Motor1_RearBearing_1,Fixed,0.012375,-0.012375,-0.058000,0.000000,0.000000,0.000000,0.0000,0.0000,0.0000,0.0000,0.0000,0.0000
9,L4_Motor1_RearBearing_1_L5_Motor1_RearSnapring_1,Fixed,0.000000,-0.000400,-0.000500,0.000000,0.000000,0.000000,0.0000,0.0000,0.0000,0.0000,0.0000,0.0000
10,L3_Bevel_GearBox_1_L4_Reducer1_1,Fixed,0.035875,-0.011806,-0.029198,0.000000,0.000000,0.000000,0.0000,0.0000,0.0000,0.0000,0.0000,0.0000
11,L4_Reducer1_1_L5_Reducer2_1,Fixed,0.005000,0.000000,0.000000,0.000000,0.000000,0.000000,0.0000,0.0000,0.0000,0.0000,0.0000,0.0000
12,L5_Reducer2_1_L6_Motor1_Bolt_1,Fixed,0.003000,0.020819,-0.002750,0.000000,0.000000,0.000000,0.0000,0.0000,0.0000,0.0000,0.0000,0.0000
13,L5_Reducer2_1_L6_Motor1_Braket_1,Fixed,0.042600,0.000000,0.000000,0.000000,0.000000,0.000000,0.0000,0.0000,0.0000,0.0000,0.0000,0.0000
14,L6_Motor1_Braket_1_L7_Motor1_Body_1,Fixed,0.011500,0.000000,0.000000,0.000000,0.000000,0.000000,0.0000,0.0000,0.0000,0.0000,0.0000,0.0000
15,L3_Bevel_GearBox_1_L4_Shaft_1,Revolute,0.012375,-0.012375,0.002800,0.000000,0.000000,0.000000,0.0000,0.0000,0.0000,0.0000,0.0000,0.0000
16,L4_Shaft_1_L5_Key_1,Fixed,0.002500,0.000000,0.006700,0.000000,0.000000,0.000000,0.0000,0.0000,0.0000,0.0000,0.0000,0.0000
17,L4_Shaft_1_L5_Link1_1,Fixed,0.000000,0.000000,0.018700,0.000000,0.000000,0.000000,0.0000,0.0000,0.0000,0.0000,0.0000,0.0000
18,L5_Link1_1_L6_Link2_1,Revolute,0.020000,0.000000,0.000000,0.000000,0.000000,0.000000,180.0000,0.0000,180.0000,180.0000,0.0000,180.0000
19,L6_Link2_1_L7_Link3_1,Revolute,0.094000,0.000000,0.000000,0.000000,0.000000,0.000000,180.0000,0.0000,180.0000,180.0000,0.0000,180.0000
20,L7_Link3_1_L8_Link3_Shaft_1,Fixed,0.037000,0.000000,-0.005000,0.000000,0.000000,0.000000,0.0000,0.0000,0.0000,0.0000,0.0000,0.0000
21,L8_Link3_Shaft_1_L9_PLATE_v3_1,Fixed,0.090500,0.000000,0.000000,0.000000,0.000000,0.000000,0.0000,0.0000,0.0000,0.0000,0.0000,0.0000
22,base_link_L1_Guide1_1,Fixed,0.289278,0.009431,0.000198,0.000000,0.000000,0.000000,0.0000,0.0000,0.0000,0.0000,0.0000,0.0000
23,L1_Guide1_1_L2_Left_Wall1_1,Prismatic,-0.003000,0.007111,-0.018000,0.000000,0.000000,0.000000,0.0000,0.0000,180.0000,0.0000,0.0000,180.0000
24,L2_Left_Wall1_1_L3_RackGear_1,Fixed,0.000000,-0.003611,-0.028500,0.000000,0.000000,0.000000,0.0000,0.0000,0.0000,0.0000,0.0000,0.0000
25,base_link_L1_Guide2_1,Fixed,0.289278,0.009431,-0.094802,0.000000,0.000000,0.000000,0.0000,0.0000,0.0000,0.0000,0.0000,0.0000
26,base_link_L1_Slider_jig_1,Fixed,0.236278,0.009431,-0.047302,0.000000,0.000000,0.000000,0.0000,0.0000,0.0000,0.0000,0.0000,0.0000
27,L1_Slider_jig_1_L2_Linear_bush_1,Fixed,0.007500,0.033000,0.012000,0.000000,0.000000,0.000000,0.0000,0.0000,0.0000,0.0000,0.0000,0.0000
28,base_link_L1_Wall1_1,Fixed,0.336278,0.009431,-0.085302,0.000000,0.000000,0.000000,0.0000,0.0000,0.0000,0.0000,0.0000,0.0000
29,L1_Wall1_1_L2_GearCase3_1,Fixed,0.035000,0.005000,0.024500,0.000000,0.000000,0.000000,0.0000,0.0000,0.0000,0.0000,0.0000,0.0000
30,L1_Wall1_1_L2__Motor2_Braket_1,Fixed,0.046420,0.005000,0.000500,0.000000,0.000000,0.000000,0.0000,0.0000,0.0000,0.0000,0.0000,0.0000
31,L2__Motor2_Braket_1_L3_Motor2_1,Fixed,-0.010500,0.024202,-0.017000,0.000000,0.000000,0.000000,0.0000,0.0000,0.0000,0.0000,0.0000,0.0000
32,L3_Motor2_1_L4_Motor2_Shaft_1,Revolute,0.000000,0.000000,0.002000,0.000000,0.000000,0.000000,0.0000,0.0000,0.0000,0.0000,0.0000,0.0000
33,L4_Motor2_Shaft_1_L5_Coupler_1,Fixed,0.000000,0.000000,0.007000,0.000000,0.000000,0.000000,0.0000,0.0000,0.0000,0.0000,0.0000,0.0000
34,L5_Coupler_1_L6_DcutShaft_1,Fixed,0.000000,0.000000,0.025000,0.000000,0.000000,0.000000,0.0000,0.0000,0.0000,0.0000,0.0000,0.0000
35,L6_DcutShaft_1_L7_Holder_Bearing1_1,Revolute,0.000000,0.000000,0.017000,0.000000,0.000000,0.000000,180.0000,0.0000,180.0000,180.0000,0.0000,180.0000
36,L6_DcutShaft_1_L7_Holder_Bearing2_1,Revolute,0.000000,0.000000,0.035000,0.000000,0.000000,0.000000,0.0000,0.0000,0.0000,0.0000,0.0000,0.0000
37,L6_DcutShaft_1_L7_SpurGear_1,Fixed,0.000000,0.000000,0.017000,0.000000,0.000000,0.000000,0.0000,0.0000,0.0000,0.0000,0.0000,0.0000
38,base_link_L1_Wall2_1,Fixed,0.336278,0.009431,-0.020802,0.000000,0.000000,0.000000,0.0000,0.0000,0.0000,0.0000,0.0000,0.0000
39,L1_Wall2_1_L2_GearCase2_1,Fixed,0.035000,0.005000,-0.002000,0.000000,0.000000,0.000000,0.0000,0.0000,0.0000,0.0000,0.0000,0.0000
40,L2_GearCase2_1_L3_GearCase1_1,Fixed,-0.025000,0.043000,0.000000,0.000000,0.000000,0.000000,0.0000,0.0000,0.0000,0.0000,0.0000,0.0000
41,L1_Wall2_1_L2_Wall3_1,Fixed,0.000000,0.005000,0.021000,0.000000,0.000000,0.000000,0.0000,0.0000,0.0000,0.0000,0.0000,0.0000
42,root_joint,Fixed,0.000000,0.000000,0.000000,0.000000,0.000000,0.000000,0.0000,0.0000,0.0000,0.0000,0.0000,0.0000

[MOVABLE_JOINTS],total=7
joint_name,type,axis,lower_limit,upper_limit,stiffness,damping,max_force [N]
L3_Bevel_GearBox_1_L4_Shaft_1,Revolute,Z,-inf,inf,0.0000,0.5000,10.0000
L5_Link1_1_L6_Link2_1,Revolute,Z,-inf,inf,12.7599,0.0051,340282346638528859811704183484516925440.0000
L6_Link2_1_L7_Link3_1,Revolute,Z,-inf,inf,10.1312,0.0041,340282346638528859811704183484516925440.0000
L1_Guide1_1_L2_Left_Wall1_1,Prismatic,X,0.0000,0.0000,1.1455,0.0005,100.0000
L3_Motor2_1_L4_Motor2_Shaft_1,Revolute,Z,-inf,inf,0.0000,0.5000,10.0000
L6_DcutShaft_1_L7_Holder_Bearing1_1,Revolute,Z,-inf,inf,0.0013,0.0000,340282346638528859811704183484516925440.0000
L6_DcutShaft_1_L7_Holder_Bearing2_1,Revolute,Z,-inf,inf,0.0023,0.0000,340282346638528859811704183484516925440.0000
