record_type,component,joint,occurrence_path,tag,other_component,world_x_m,world_y_m,world_z_m,local_x_m,local_y_m,local_z_m,distance_m,anchor_vec_x_m,anchor_vec_y_m,anchor_vec_z_m
anchor,M_Back,M_Bottom_M_Back,,One,M_Bottom,-0.0049999999999929354,0.037879848986462954,0.019999999999998037,0.0004926626193922478,-0.012802318780387898,-0.03693776084144231,,,,
anchor,M_Bottom,M_Bottom_M_Back,,Two,M_Back,-0.004999999999992944,0.03787984898646297,0.019999999999998037,0.0004215929884740577,-0.012802318780387912,-0.0369377608414423,,,,
anchor,M_Left2,MBottom_MLeft2,,One,M_Bottom,-0.02499999999999616,0.017879848986466537,0.020000000000001607,0.020421592988474062,-0.012802318780387699,-0.056937760841441934,,,,
anchor,M_Bottom,MBottom_MLeft2,,Two,M_Left2,-0.02499999999999616,0.017879848986466787,0.020000000000001607,0.020421592988474062,-0.012802318780387699,-0.05693776084144169,,,,
anchor,M_Right2,MBottom_MRight2,,One,M_Bottom,-0.02481588550449909,0.10015459323407523,0.01900920557304375,0.020237478492990072,-0.01379311320734054,0.025336983406166854,,,,
anchor,M_Bottom,MBottom_MRight2,,Two,M_Right2,-0.02481588550449909,0.10015459323407491,0.01900920557304375,0.020237478492990072,-0.01379311320734054,0.025336983406166535,,,,
anchor,LeftSlider2,MLeft2_LeftSlider2,,One,M_Left2,-0.024907047594009236,0.012879848986454317,0.0324999999999997,0.11999421291464192,-0.0022661909060012063,-0.06485228374239635,,,,
anchor,M_Left2,MLeft2_LeftSlider2,,Two,LeftSlider2,-0.024907047594010627,0.012879848986467284,0.03250000000000183,0.02032864058248907,-0.00030231878038776026,-0.06193776084144194,,,,
anchor,RightSlider2,MRight2_RightSlider2,,One,M_Right2,-0.02624989036954375,0.10515459323408888,0.0324999999999967,0.04065819224038252,0.0022898606725952142,-0.12171858211560906,,,,
anchor,M_Right2,MRight2_RightSlider2,,Two,RightSlider2,-0.026249890369543435,0.1051545932340766,0.03249999999999638,0.021671483358036658,-0.00030231878038775587,0.030336983406167174,,,,
anchor,M_Top,MBack_MTop,,One,M_Back,-0.0024999999999914054,0.030817608725221452,0.04799999999999836,-0.002007337380607397,0.015197681219612283,-0.04400000110268513,,,,
anchor,M_Back,MBack_MTop,,Two,M_Top,-0.002499999999991425,0.030817608725221445,0.04799999999999838,-0.002007337380607397,0.015197681219612283,-0.044000001102685114,,,,
anchor,M_RightLink,MTop_MRightLink,,One,M_Top,-0.05000000000002421,0.1017150347325428,0.052999999999997625,0.0265851337772457,0.02019768010202521,0.012989896286020155,,,,
anchor,M_Top,MTop_MRightLink,,Two,M_RightLink,-0.0499999999999799,0.10171503473256582,0.05299999999999916,0.04549266261939296,0.020197681219612282,0.026897424904651253,,,,
anchor,M_LeftLink,MTop_MLeftLink1,,One,M_Top,-0.05000000000003784,0.016715034732542707,0.05300000000000277,0.026585133777245633,0.020197680102025158,-0.07201010371397974,,,,
anchor,M_Top,MTop_MLeftLink1,,Two,M_LeftLink,-0.04999999999999353,0.01671503473256572,0.053000000000004335,0.04549266261939294,0.0201976812196123,-0.05810257509534877,,,,
anchor,M_Right1,MBack_MRight1,,One,M_Back,-0.00249999999997891,0.1134300694651129,0.037999999999993365,-0.0020073373806077,0.005197681219612282,0.0386124596372069,,,,
anchor,M_Back,MBack_MRight1,,Two,M_Right1,-0.0024999999999789375,0.11343006946511286,0.037999999999993365,-0.0020073373806076987,0.005197681219612287,0.0386124596372069,,,,
anchor,M_Left1,MBack_MLeft1,,One,M_Back,-0.0024999999999962942,0.0050000000000027175,0.03799999999999994,-0.0020073373806077264,0.005197681219612274,-0.06981760982790325,,,,
anchor,M_Back,MBack_MLeft1,,Two,M_Left1,-0.0024999999999963103,0.0050000000000027175,0.037999999999999944,-0.0020073373806077256,0.005197681219612282,-0.06981760982790323,,,,
anchor,F_Back,FBottom_FBack,,One,base_link,-0.10514819597665186,0.03814136035426057,0.01937977730166497,0.00031969969550900147,-0.014297436048432317,0.005784295971659672,,,,
anchor,base_link,FBottom_FBack,,Two,F_Back,-0.10514819597665179,0.03814136035426057,0.01937977730166497,0.00031969969550907254,-0.014297436048432317,0.005784295971659672,,,,
anchor,F_Left,FBack_FLeft,,One,F_Back,-0.1076481959766559,0.00498603513676084,0.03800000000002527,-0.0021803003044913185,0.004322786649925687,0.03893962118916098,,,,
anchor,F_Back,FBack_FLeft,,Two,F_Left,-0.1076481959766559,0.004986035136760494,0.03800000000002527,-0.0021803003044913185,0.004322786649925687,0.038939621189161326,,,,
anchor,F_Right,FBack_FRight,,One,F_Back,-0.10764819597663694,0.11341610460187099,0.03800000000001876,-0.0021803003044909806,0.004322786649925798,-0.06949044827594918,,,,
anchor,F_Back,FBack_FRight,,Two,F_Right,-0.10764819597663694,0.11341610460187035,0.03800000000001876,-0.0021803003044909806,0.004322786649925798,-0.06949044827594854,,,,
anchor,F_Top,FBack_FTop,,One,F_Back,-0.1076481959766413,0.08841610460187098,0.048000000000020276,-0.0021803003044921355,0.014322786649925786,-0.04449044827594857,,,,
anchor,F_Back,FBack_FTop,,Two,F_Top,-0.1076481959766413,0.08841610460187098,0.04800000000002022,-0.0021803003044921355,0.014322786649925732,-0.04449044827594857,,,,
anchor,F_RightLink2,FTop_RightLink2,,One,F_Top,-0.06950151528193411,0.09170106986931,0.05800000000001596,0.06499114860403367,0.025912994799960957,0.0019113900286812147,,,,
anchor,F_Top,FTop_RightLink2,,Two,F_RightLink2,-0.069501515281934,0.09170106986931004,0.058000000000015976,0.03596638039021352,0.024322786649925786,-0.047775413543393555,,,,
anchor,F_RightLink,FTop_RightLink1,,One,F_Top,-0.06000151528193312,0.10170106986930808,0.05300000000001437,0.056583619761885674,0.02091299479996088,0.013003861186532913,,,,
anchor,F_Top,FTop_RightLink1,,Two,F_RightLink,-0.06000151528193299,0.10170106986930805,0.05300000000001431,0.04546638039021336,0.01932278664992575,-0.0577754135433935,,,,
anchor,F_LeftLink,FTop_FLeftLink,,One,F_Top,-0.06000151528194781,0.01670106986930808,0.053000000000019545,0.05658361976188672,0.020912994799960907,-0.07199613881346702,,,,
anchor,F_Top,FTop_FLeftLink,,Two,F_LeftLink,-0.06000151528194764,0.016701069869308055,0.053000000000019504,0.04546638039021331,0.01932278664992575,0.027224586456606498,,,,
anchor,RightSlider1,FRight_RightSlider,,One,F_Right,-0.0851481959766382,0.11341610460186682,0.03250000000001633,-0.08475733738060968,0.11343006946511251,0.03265573732562305,,,,
anchor,F_Right,FRight_RightSlider,,Two,RightSlider1,-0.08514819597663806,0.11341610460186678,0.03250000000001628,0.020319699695508488,-0.0011772133500742665,-0.06949044827594916,,,,
anchor,LeftSlider1,FLeft_LeftSlider,,One,F_Left,-0.08510583779414105,0.004986035136756329,0.03252366976661692,-0.08471649321345384,0.004986034875972347,0.03196409351187476,,,,
anchor,F_Left,FLeft_LeftSlider,,Two,LeftSlider1,-0.08510583779414073,0.004986035136756288,0.03252366976661687,0.020362057878024427,-0.0011535435834802855,0.038939621189161326,,,,
anchor,Handle,FTop_Handle,,One,F_Top,-0.1076481959766406,0.08841610460187167,0.05800000000002042,-0.04186217070126075,0.15591299479996074,-0.0013735752387633404,,,,
anchor,F_Top,FTop_Handle,,Two,Handle,-0.10764819597664023,0.08841610460187159,0.05800000000002028,-0.0021803003044921355,0.024322786649925786,-0.04449044827594857,,,,
anchor,HexNut,강체 23,,One,Shaft_copy,-0.07401451575123416,0.05922011807981893,0.007879777301660253,-0.07401451448464619,0.059220117819038805,0.0071644637212821575,,,,
anchor,Shaft_copy,강체 23,,Two,HexNut,-0.07401451575123377,0.05922011807981998,0.007879777301660257,-0.07401451448464622,0.059220117819038805,0.007164463721293539,,,,
anchor,NeedleBearing,강체 24,,One,Shaft_copy,-0.07401451575123265,0.05922011807981952,0.014379777301660339,-0.0740145144846467,0.05922011781903924,0.013664463721282133,,,,
anchor,Shaft_copy,강체 24,,Two,NeedleBearing,-0.0740145157512329,0.05922011807982047,0.014379777301660339,-0.07401451448464673,0.05922011781903924,0.013664463721293624,,,,
anchor,Bearing1,강체 25,,One,Shaft_copy,-0.07401451575123204,0.05922011807982,0.019379777301660267,-0.07401451448464733,0.05922011781903949,0.01866446372128209,,,,
anchor,Shaft_copy,강체 25,,Two,Bearing1,-0.07401451575123244,0.05922011807982076,0.01937977730166027,-0.07401451448464734,0.05922011781903949,0.018664463721293555,,,,
anchor,Washer,강체 26,,One,Shaft_copy,-0.07401451575122765,0.05922011807982026,0.024379777301648184,0.06950566308868053,-0.008422541478745785,-0.030583526884835992,,,,
anchor,Shaft_copy,강체 26,,Two,Washer,-0.07401451575123198,0.05922011807982113,0.024379777301648562,-0.07401451448464796,0.05922011781903981,0.023664463721281847,,,,
anchor,RachetGear,강체 27,,One,Shaft_copy,-0.07401451575123769,0.05922011807982282,0.028379777301649138,-0.0323589989495091,-0.15820891797132552,-0.032324629560944305,,,,
anchor,Shaft_copy,강체 27,,Two,RachetGear,-0.0740145157512316,0.05922011807982129,0.02837977730164891,-0.07401451448464844,0.059220117819039936,0.02766446372128219,,,,
anchor,PULLEY,강체 28,,One,Shaft_copy,-0.07401451575123093,0.059220118079821804,0.034879777301648755,-0.05000000000000004,0.001577458521254167,-8.881784197001253e-18,,,,
anchor,Shaft_copy,강체 28,,Two,PULLEY,-0.07401451575123086,0.05922011807982187,0.034879777301648755,-0.07401451448464909,0.05922011781904046,0.03416446372128203,,,,
anchor,Crank,회전 29,,One,PULLEY,-0.09151451575123062,0.059220118079825204,0.04087977730164946,-0.14499999999999996,0.006000000000000014,0.0175,,,,
anchor,PULLEY,회전 29,,Two,Crank,-0.09151451575123062,0.0592201180798252,0.04087977730164944,-0.032500000000000015,0.0075774585212541766,-2.6645352591003756e-17,,,,
anchor,Shaft_copy,회전 31,,One,base_link,-0.07401451575123288,0.059220118079820576,0.014379777301660342,-0.07401451448464672,0.05922011781903935,0.013664463721293625,,,,
anchor,base_link,회전 31,,Two,Shaft_copy,-0.07401451575123291,0.059220118079820604,0.014379777301660344,0.03145337992092487,-0.01929743604843232,-0.015294461753906008,,,,
anchor,M_LeftLink2_copy,강체 33,,One,M_Top,-0.04150000000008119,0.02671503473256061,0.05800000000000008,0.13857106963091195,0.02699051074007916,0.058000001117600335,,,,
anchor,M_Top,강체 33,,Two,M_LeftLink2_copy,-0.041499999999991405,0.02671503473256456,0.0580000000000028,0.036992662619392984,0.025197681219612283,-0.04810257509534889,,,,
anchor,Crank,회전 34,,One,M_Top,-0.03151451575123136,0.05922011807981563,0.04687977730164717,-0.08499999999999996,0.0,0.0175,,,,
anchor,M_Top,회전 34,,Two,Crank,-0.03151451575123133,0.05922011807981565,0.046879777301649106,0.027007178370636927,0.014077458521261632,-0.015597491748095554,,,,
anchor,M_Bottom,슬라이더 35,,One,base_link,-0.05460299999999005,0.05901722111027532,0.015000000000002286,0.050024592988474004,-0.017802318780387693,-0.0158003887176376,,,,
anchor,base_link,슬라이더 35,,Two,M_Bottom,-0.05500151528194326,0.05901722111027538,0.015000000000002343,0.0504663803902145,-0.01867721335008829,-0.015091564784364008,,,,
anchor,ShaftHandle,강체 36,,One,Shaft_copy,-0.07401451575123681,0.05515467736525638,0.00477596002400345,-0.07401451448464584,0.0551546771044744,0.0040606464436367,,,,
anchor,Shaft_copy,강체 36,,Two,ShaftHandle,-0.0740145157512348,0.0551546773652558,0.004775960024003454,-0.07401451448464585,0.055154677104474414,0.0040606464436367005,,,,
anchor,PAWL,강체 38,,One,base_link,-0.08108331079320998,0.02696791545273512,0.028379777301657347,0.0576050822721489,-0.06054705512021073,-0.000930573634538403,,,,
anchor,base_link,강체 38,,Two,PAWL,-0.08108331079320992,0.026967915452735147,0.028379777301657354,0.024384584878951898,-0.005297436048438033,0.016957740873181523,,,,
distance,M_Back,M_Bottom_M_Back <-> MBack_MTop,,,,,,,,,,0.028984913964121527,-0.002499999999999645,0.02800000000000018,-0.007062240261242803
distance,M_Back,M_Bottom_M_Back <-> MBack_MRight1,,,,,,,,,,0.07770512090185894,-0.0024999999999999467,0.018000000000000186,0.07555022047864922
distance,M_Back,M_Bottom_M_Back <-> MBack_MLeft1,,,,,,,,,,0.03756773175708751,-0.0024999999999999736,0.01800000000000018,-0.03287984898646092
distance,M_Back,MBack_MTop <-> MBack_MRight1,,,,,,,,,,0.08321549536895277,-3.019806626980426e-16,-0.009999999999999995,0.08261246073989202
distance,M_Back,MBack_MTop <-> MBack_MLeft1,,,,,,,,,,0.02768661987835386,-3.2862601528904633e-16,-0.01,-0.025817608725218124
distance,M_Back,MBack_MRight1 <-> MBack_MLeft1,,,,,,,,,,0.10843006946511015,-2.6645352591003756e-17,-4.440892098500626e-18,-0.10843006946511015
distance,M_Bottom,M_Bottom_M_Back <-> MBottom_MLeft2,,,,,,,,,,0.02828427124746147,0.020000000000000004,2.1316282072803005e-16,-0.019999999999999386
distance,M_Bottom,M_Bottom_M_Back <-> MBottom_MRight2,,,,,,,,,,0.06535896849728932,0.019815885504516014,-0.0009907944269526281,0.062274744247608836
distance,M_Bottom,M_Bottom_M_Back <-> 슬라이더 35,,,,,,,,,,0.054150217998639574,0.04960299999999995,-0.004999999999999782,0.0211373721238047
distance,M_Bottom,MBottom_MLeft2 <-> MBottom_MRight2,,,,,,,,,,0.08228091584780317,-0.00018411449548398908,-0.0009907944269528413,0.08227474424760821
distance,M_Bottom,MBottom_MLeft2 <-> 슬라이더 35,,,,,,,,,,0.050927605424291554,0.02960299999999994,-0.004999999999999996,0.04113737212380409
distance,M_Bottom,MBottom_MRight2 <-> 슬라이더 35,,,,,,,,,,0.05094731891421136,0.029787114495483928,-0.004009205573047154,-0.04113737212380413
distance,M_Left2,MBottom_MLeft2 <-> MLeft2_LeftSlider2,,,,,,,,,,0.013463232901119138,-9.295240598499177e-05,0.012499999999999938,-0.005
distance,M_Right2,MBottom_MRight2 <-> MRight2_RightSlider2,,,,,,,,,,0.014458834815547232,0.0014340048650465854,0.013490794426952784,0.00500000000000032
distance,M_Top,MBack_MTop <-> MTop_MRightLink,,,,,,,,,,0.08548505725836399,0.047500000000000354,0.005,0.07089742600733638
distance,M_Top,MBack_MTop <-> MTop_MLeftLink1,,,,,,,,,,0.04980092964211196,0.04750000000000034,0.0050000000000000175,-0.014102573992663637
distance,M_Top,MBack_MTop <-> 강체 33,,,,,,,,,,0.04047012618420297,0.039000000000000375,0.01,-0.00410257399266376
distance,M_Top,MBack_MTop <-> 회전 34,,,,,,,,,,0.040617724712379615,0.029014515751244325,-0.0011202226983506502,0.028402509354589576
distance,M_Top,MTop_MRightLink <-> MTop_MLeftLink1,,,,,,,,,,0.08500000000000002,-8.881784197001253e-18,1.7763568394002505e-17,-0.08500000000000002
distance,M_Top,MTop_MRightLink <-> 강체 33,,,,,,,,,,0.07564555505778262,-0.008499999999999975,0.005,-0.07500000000000015
distance,M_Top,MTop_MRightLink <-> 회전 34,,,,,,,,,,0.04674385729817675,-0.01848548424875603,-0.0061202226983506506,-0.04249491665274681
distance,M_Top,MTop_MLeftLink1 <-> 강체 33,,,,,,,,,,0.014044571905188024,-0.008499999999999966,0.004999999999999983,0.009999999999999875
distance,M_Top,MTop_MLeftLink1 <-> 회전 34,,,,,,,,,,0.04675310004850326,-0.01848548424875602,-0.006120222698350668,0.04250508334725321
distance,M_Top,강체 33 <-> 회전 34,,,,,,,,,,0.03577638455678486,-0.009985484248756053,-0.01112022269835065,0.032505083347253334
distance,F_Back,FBottom_FBack <-> FBack_FLeft,,,,,,,,,,0.03810824429981981,-0.0025000000000003197,0.018620222698358006,0.03315532521750165
distance,F_Back,FBottom_FBack <-> FBack_FRight,,,,,,,,,,0.07758382444091859,-0.0024999999999999823,0.018620222698358117,-0.07527474424760822
distance,F_Back,FBottom_FBack <-> FBack_FTop,,,,,,,,,,0.05790437856039934,-0.0025000000000011367,0.02862022269835805,-0.05027474424760825
distance,F_Back,FBack_FLeft <-> FBack_FRight,,,,,,,,,,0.10843006946510986,3.375077994860476e-16,1.1102230246251565e-16,-0.10843006946510986
distance,F_Back,FBack_FLeft <-> FBack_FTop,,,,,,,,,,0.08402723660190821,-8.171241461241152e-16,0.010000000000000045,-0.08343006946510989
distance,F_Back,FBack_FRight <-> FBack_FTop,,,,,,,,,,0.026925824035672466,-1.1546319456101628e-15,0.009999999999999934,0.024999999999999967
distance,base_link,FBottom_FBack <-> 회전 31,,,,,,,,,,0.03792914541130002,0.031133680225415798,-0.005,-0.02107875772556568
distance,base_link,FBottom_FBack <-> 슬라이더 35,,,,,,,,,,0.054494711635292944,0.050146680694705424,-0.004379777301655974,-0.02087586075602368
distance,base_link,FBottom_FBack <-> 강체 38,,,,,,,,,,0.02801721916713948,0.024064885183442825,0.008999999999994283,0.011173444901521851
distance,base_link,회전 31 <-> 슬라이더 35,,,,,,,,,,0.019024195915228536,0.01901300046928963,0.0006202226983440262,0.0002028969695420013
distance,base_link,회전 31 <-> 강체 38,,,,,,,,,,0.03586324633442954,-0.00706879504197297,0.013999999999994284,0.032252202627087535
distance,base_link,슬라이더 35 <-> 강체 38,,,,,,,,,,0.04343312665309572,-0.0260817955112626,0.013379777301650258,0.03204930565754553
distance,F_Left,FBack_FLeft <-> FLeft_LeftSlider,,,,,,,,,,0.023198019425247293,0.022542358182515744,-0.005476330233405973,3.508304757815495e-16
distance,F_Right,FBack_FRight <-> FRight_RightSlider,,,,,,,,,,0.02316246964380044,0.02249999999999947,-0.005500000000000065,1.7763568394002505e-17
distance,F_Top,FBack_FTop <-> FTop_RightLink2,,,,,,,,,,0.03957221556638128,0.038146680694705656,0.01,-0.0032849652674449815
distance,F_Top,FBack_FTop <-> FTop_RightLink1,,,,,,,,,,0.04971615917768024,0.0476466806947055,0.0049999999999999645,-0.013284965267444928
distance,F_Top,FBack_FTop <-> FTop_FLeftLink,,,,,,,,,,0.08624530357019329,0.04764668069470544,0.0049999999999999645,0.07171503473255507
distance,F_Top,FBack_FTop <-> FTop_Handle,,,,,,,,,,0.01,0.0,0.01,0.0
distance,F_Top,FTop_RightLink2 <-> FTop_RightLink1,,,,,,,,,,0.014671400751121083,0.009499999999999842,-0.005000000000000036,-0.009999999999999946
distance,F_Top,FTop_RightLink2 <-> FTop_FLeftLink,,,,,,,,,,0.07576443756803058,0.009499999999999788,-0.005000000000000036,0.07500000000000005
distance,F_Top,FTop_RightLink2 <-> FTop_Handle,,,,,,,,,,0.03828786028014818,-0.038146680694705656,0.0,0.0032849652674449815
distance,F_Top,FTop_RightLink1 <-> FTop_FLeftLink,,,,,,,,,,0.085,-5.329070518200751e-17,0.0,0.085
distance,F_Top,FTop_RightLink1 <-> FTop_Handle,,,,,,,,,,0.04971615917768025,-0.0476466806947055,0.005000000000000036,0.013284965267444928
distance,F_Top,FTop_FLeftLink <-> FTop_Handle,,,,,,,,,,0.0862453035701933,-0.04764668069470544,0.005000000000000036,-0.07171503473255507
distance,Shaft_copy,강체 23 <-> 강체 24,,,,,,,,,,0.006500000000000084,-5.151434834260726e-16,4.3520742565306136e-16,0.006500000000000084
distance,Shaft_copy,강체 23 <-> 강체 25,,,,,,,,,,0.011500000000000015,-1.1368683772161603e-15,6.838973831690964e-16,0.011500000000000015
distance,Shaft_copy,강체 23 <-> 강체 26,,,,,,,,,,0.016499999999988305,-1.7497114868092467e-15,1.0036416142611416e-15,0.016499999999988305
distance,Shaft_copy,강체 23 <-> 강체 27,,,,,,,,,,0.020499999999988652,-2.220446049250313e-15,1.127986593019159e-15,0.020499999999988652
distance,Shaft_copy,강체 23 <-> 강체 28,,,,,,,,,,0.026999999999988495,-2.877698079828406e-15,1.652011860642233e-15,0.026999999999988495
distance,Shaft_copy,강체 23 <-> 회전 31,,,,,,,,,,0.006500000000000086,-5.062616992290714e-16,5.417888360170764e-16,0.006500000000000086
distance,Shaft_copy,강체 23 <-> 강체 36,,,,,,,,,,0.0051148303878739655,3.552713678800501e-16,-0.004065440714564392,-0.003103817277656839
distance,Shaft_copy,강체 24 <-> 강체 25,,,,,,,,,,0.004999999999999932,-6.217248937900877e-16,2.486899575160351e-16,0.004999999999999932
distance,Shaft_copy,강체 24 <-> 강체 26,,,,,,,,,,0.009999999999988223,-1.2345680033831742e-15,5.684341886080802e-16,0.009999999999988223
distance,Shaft_copy,강체 24 <-> 강체 27,,,,,,,,,,0.013999999999988568,-1.7053025658242404e-15,6.927791673660977e-16,0.013999999999988568
distance,Shaft_copy,강체 24 <-> 강체 28,,,,,,,,,,0.020499999999988413,-2.3625545964023332e-15,1.2168044349891717e-15,0.020499999999988413
distance,Shaft_copy,강체 24 <-> 회전 31,,,,,,,,,,1.0697389170429531e-16,8.881784197001253e-18,1.0658141036401502e-16,2.220446049250313e-18
distance,Shaft_copy,강체 24 <-> 강체 36,,,,,,,,,,0.010428859693478622,8.704148513061227e-16,-0.0040654407145648275,-0.009603817277656924
distance,Shaft_copy,강체 25 <-> 강체 26,,,,,,,,,,0.004999999999988292,-6.128431095930865e-16,3.1974423109204507e-16,0.004999999999988292
distance,Shaft_copy,강체 25 <-> 강체 27,,,,,,,,,,0.008999999999988637,-1.0835776720341528e-15,4.440892098500626e-16,0.008999999999988637
distance,Shaft_copy,강체 25 <-> 강체 28,,,,,,,,,,0.015499999999988481,-1.7408297026122454e-15,9.681144774731366e-16,0.015499999999988481
distance,Shaft_copy,강체 25 <-> 회전 31,,,,,,,,,,0.004999999999999929,6.306066779870889e-16,-1.4210854715202004e-16,-0.004999999999999929
distance,Shaft_copy,강체 25 <-> 강체 36,,,,,,,,,,0.015159132141479348,1.4921397450962103e-15,-0.004065440714565076,-0.014603817277656854
distance,Shaft_copy,강체 26 <-> 강체 27,,,,,,,,,,0.004000000000000345,-4.707345624410664e-16,1.2434497875801754e-16,0.004000000000000345
distance,Shaft_copy,강체 26 <-> 강체 28,,,,,,,,,,0.01050000000000019,-1.127986593019159e-15,6.483702463810914e-16,0.01050000000000019
distance,Shaft_copy,강체 26 <-> 회전 31,,,,,,,,,,0.009999999999988221,1.2434497875801754e-15,-4.618527782440651e-16,-0.009999999999988221
distance,Shaft_copy,강체 26 <-> 강체 36,,,,,,,,,,0.020020925554502828,2.104982854689297e-15,-0.004065440714565396,-0.019603817277645146
distance,Shaft_copy,강체 27 <-> 강체 28,,,,,,,,,,0.006499999999999844,-6.572520305780927e-16,5.240252676230739e-16,0.006499999999999844
distance,Shaft_copy,강체 27 <-> 회전 31,,,,,,,,,,0.013999999999988567,1.7141843500212416e-15,-5.861977570020827e-16,-0.013999999999988567
distance,Shaft_copy,강체 27 <-> 강체 36,,,,,,,,,,0.023951367357212046,2.575717417130363e-15,-0.0040654407145655205,-0.02360381727764549
distance,Shaft_copy,강체 28 <-> 회전 31,,,,,,,,,,0.02049999999998841,2.3714363805993343e-15,-1.1102230246251565e-15,-0.02049999999998841
distance,Shaft_copy,강체 28 <-> 강체 36,,,,,,,,,,0.030377090428306476,3.232969447708456e-15,-0.004065440714566044,-0.030103817277645332
distance,Shaft_copy,회전 31 <-> 강체 36,,,,,,,,,,0.010428859693478666,8.615330671091215e-16,-0.004065440714564934,-0.009603817277656926
distance,PULLEY,강체 28 <-> 회전 29,,,,,,,,,,0.01850000000000002,0.01750000000000002,0.00600000000000001,-1.7763568394002505e-17
distance,Crank,회전 29 <-> 회전 34,,,,,,,,,,0.060299253726725344,0.06,-0.006000000000000014,0.0
